"SettlementPoint","Month","Weekday","Hourend","NormAveragePrice"
"LZ_SOUTH","01","Friday",1,0.775141961066055
"LZ_SOUTH","01","Friday",2,0.717600408958399
"LZ_SOUTH","01","Friday",3,0.724077425772669
"LZ_SOUTH","01","Friday",4,0.740568396910706
"LZ_SOUTH","01","Friday",5,0.806178587711905
"LZ_SOUTH","01","Friday",6,0.970535652606419
"LZ_SOUTH","01","Friday",7,1.61982895591263
"LZ_SOUTH","01","Friday",8,1.45217811796239
"LZ_SOUTH","01","Friday",9,1.19104160046422
"LZ_SOUTH","01","Friday",10,1.09459373575208
"LZ_SOUTH","01","Friday",11,1.04401552936625
"LZ_SOUTH","01","Friday",12,0.977454786609376
"LZ_SOUTH","01","Friday",13,0.930722999765125
"LZ_SOUTH","01","Friday",14,0.906671824700535
"LZ_SOUTH","01","Friday",15,0.888766078558698
"LZ_SOUTH","01","Friday",16,0.863786457397864
"LZ_SOUTH","01","Friday",17,0.920333245830973
"LZ_SOUTH","01","Friday",18,1.3145912488429
"LZ_SOUTH","01","Friday",19,1.30813633788806
"LZ_SOUTH","01","Friday",20,1.09424004200113
"LZ_SOUTH","01","Friday",21,1.02522554884704
"LZ_SOUTH","01","Friday",22,0.970800922919631
"LZ_SOUTH","01","Friday",23,0.851849293303306
"LZ_SOUTH","01","Friday",24,0.811660840851628
"LZ_SOUTH","01","Monday",1,0.728906941623705
"LZ_SOUTH","01","Monday",2,0.694453991563818
"LZ_SOUTH","01","Monday",3,0.694787272821955
"LZ_SOUTH","01","Monday",4,0.715763162005937
"LZ_SOUTH","01","Monday",5,0.772629276675519
"LZ_SOUTH","01","Monday",6,0.886486486486487
"LZ_SOUTH","01","Monday",7,1.46335468416393
"LZ_SOUTH","01","Monday",8,1.33314586262563
"LZ_SOUTH","01","Monday",9,1.14823725459564
"LZ_SOUTH","01","Monday",10,1.15400718637713
"LZ_SOUTH","01","Monday",11,1.07129094412331
"LZ_SOUTH","01","Monday",12,0.981742436077696
"LZ_SOUTH","01","Monday",13,0.945498099255325
"LZ_SOUTH","01","Monday",14,0.928167473832214
"LZ_SOUTH","01","Monday",15,0.915981877831589
"LZ_SOUTH","01","Monday",16,0.896026662500651
"LZ_SOUTH","01","Monday",17,0.936728636150601
"LZ_SOUTH","01","Monday",18,1.32135603811904
"LZ_SOUTH","01","Monday",19,1.39290735822528
"LZ_SOUTH","01","Monday",20,1.17146279227204
"LZ_SOUTH","01","Monday",21,1.09936989012134
"LZ_SOUTH","01","Monday",22,1.02490235900641
"LZ_SOUTH","01","Monday",23,0.899296984846118
"LZ_SOUTH","01","Monday",24,0.823496328698641
"LZ_SOUTH","01","Saturday",1,0.901170499103619
"LZ_SOUTH","01","Saturday",2,0.834494948070228
"LZ_SOUTH","01","Saturday",3,0.804495619261437
"LZ_SOUTH","01","Saturday",4,0.812199727048909
"LZ_SOUTH","01","Saturday",5,0.852471199574329
"LZ_SOUTH","01","Saturday",6,0.922578580440321
"LZ_SOUTH","01","Saturday",7,1.17205159806736
"LZ_SOUTH","01","Saturday",8,1.27029064524821
"LZ_SOUTH","01","Saturday",9,1.43504182299423
"LZ_SOUTH","01","Saturday",10,1.33374447847957
"LZ_SOUTH","01","Saturday",11,1.14030133567051
"LZ_SOUTH","01","Saturday",12,1.04231909208257
"LZ_SOUTH","01","Saturday",13,0.934111396340354
"LZ_SOUTH","01","Saturday",14,0.867575919994008
"LZ_SOUTH","01","Saturday",15,0.847638622871278
"LZ_SOUTH","01","Saturday",16,0.828798577463734
"LZ_SOUTH","01","Saturday",17,0.839350870554453
"LZ_SOUTH","01","Saturday",18,1.12367913947451
"LZ_SOUTH","01","Saturday",19,1.28441484285857
"LZ_SOUTH","01","Saturday",20,1.07964899618005
"LZ_SOUTH","01","Saturday",21,1.00496584220392
"LZ_SOUTH","01","Saturday",22,0.952881404404376
"LZ_SOUTH","01","Saturday",23,0.873108870132283
"LZ_SOUTH","01","Saturday",24,0.842665971481183
"LZ_SOUTH","01","Sunday",1,0.865227190452279
"LZ_SOUTH","01","Sunday",2,0.792031109502178
"LZ_SOUTH","01","Sunday",3,0.765826258568542
"LZ_SOUTH","01","Sunday",4,0.779629348498826
"LZ_SOUTH","01","Sunday",5,0.809804631392104
"LZ_SOUTH","01","Sunday",6,0.879847722256607
"LZ_SOUTH","01","Sunday",7,1.13818270993659
"LZ_SOUTH","01","Sunday",8,1.23083390748894
"LZ_SOUTH","01","Sunday",9,1.281585370126
"LZ_SOUTH","01","Sunday",10,1.18783646491423
"LZ_SOUTH","01","Sunday",11,1.07594035009868
"LZ_SOUTH","01","Sunday",12,0.990319152663109
"LZ_SOUTH","01","Sunday",13,0.922845164831315
"LZ_SOUTH","01","Sunday",14,0.892179416813612
"LZ_SOUTH","01","Sunday",15,0.869431177233076
"LZ_SOUTH","01","Sunday",16,0.8661614097369
"LZ_SOUTH","01","Sunday",17,0.901054500017517
"LZ_SOUTH","01","Sunday",18,1.23471091752011
"LZ_SOUTH","01","Sunday",19,1.47193254936765
"LZ_SOUTH","01","Sunday",20,1.18309530204477
"LZ_SOUTH","01","Sunday",21,1.09336353975687
"LZ_SOUTH","01","Sunday",22,1.03371363843378
"LZ_SOUTH","01","Sunday",23,0.89752782221807
"LZ_SOUTH","01","Sunday",24,0.836920346128245
"LZ_SOUTH","01","Thursday",1,0.721128129551232
"LZ_SOUTH","01","Thursday",2,0.680115564798495
"LZ_SOUTH","01","Thursday",3,0.692536729377348
"LZ_SOUTH","01","Thursday",4,0.723286685590849
"LZ_SOUTH","01","Thursday",5,0.811200507450016
"LZ_SOUTH","01","Thursday",6,1.06111964049312
"LZ_SOUTH","01","Thursday",7,2.093023035643
"LZ_SOUTH","01","Thursday",8,1.87815203619053
"LZ_SOUTH","01","Thursday",9,1.37642029989412
"LZ_SOUTH","01","Thursday",10,1.17917750809853
"LZ_SOUTH","01","Thursday",11,1.00221378225408
"LZ_SOUTH","01","Thursday",12,0.922669098723959
"LZ_SOUTH","01","Thursday",13,0.861794031466319
"LZ_SOUTH","01","Thursday",14,0.83810671913683
"LZ_SOUTH","01","Thursday",15,0.805671574436259
"LZ_SOUTH","01","Thursday",16,0.796242092789508
"LZ_SOUTH","01","Thursday",17,0.818111673717213
"LZ_SOUTH","01","Thursday",18,1.13102656065337
"LZ_SOUTH","01","Thursday",19,1.21076059120452
"LZ_SOUTH","01","Thursday",20,1.00234632516879
"LZ_SOUTH","01","Thursday",21,0.96402248811453
"LZ_SOUTH","01","Thursday",22,0.879081414485363
"LZ_SOUTH","01","Thursday",23,0.802774565014667
"LZ_SOUTH","01","Thursday",24,0.749018945747345
"LZ_SOUTH","01","Tuesday",1,0.628726361501495
"LZ_SOUTH","01","Tuesday",2,0.593503089706617
"LZ_SOUTH","01","Tuesday",3,0.594423529846847
"LZ_SOUTH","01","Tuesday",4,0.621494331828258
"LZ_SOUTH","01","Tuesday",5,0.6990742865048
"LZ_SOUTH","01","Tuesday",6,0.898234521847099
"LZ_SOUTH","01","Tuesday",7,1.49323332678159
"LZ_SOUTH","01","Tuesday",8,1.41542326206999
"LZ_SOUTH","01","Tuesday",9,1.15668096407886
"LZ_SOUTH","01","Tuesday",10,1.09180637062371
"LZ_SOUTH","01","Tuesday",11,1.0037235364899
"LZ_SOUTH","01","Tuesday",12,0.952277507223469
"LZ_SOUTH","01","Tuesday",13,0.921031851748871
"LZ_SOUTH","01","Tuesday",14,0.884838830520535
"LZ_SOUTH","01","Tuesday",15,0.884838830520535
"LZ_SOUTH","01","Tuesday",16,0.90069998650843
"LZ_SOUTH","01","Tuesday",17,0.951110520617106
"LZ_SOUTH","01","Tuesday",18,1.45971944381857
"LZ_SOUTH","01","Tuesday",19,1.63037890767588
"LZ_SOUTH","01","Tuesday",20,1.30932609947739
"LZ_SOUTH","01","Tuesday",21,1.17732512150974
"LZ_SOUTH","01","Tuesday",22,1.08256909635926
"LZ_SOUTH","01","Tuesday",23,0.863734453019544
"LZ_SOUTH","01","Tuesday",24,0.785825769721492
"LZ_SOUTH","01","Wednesday",1,0.592006692604328
"LZ_SOUTH","01","Wednesday",2,0.562591321388257
"LZ_SOUTH","01","Wednesday",3,0.579066129577529
"LZ_SOUTH","01","Wednesday",4,0.613377186699595
"LZ_SOUTH","01","Wednesday",5,0.721412322872319
"LZ_SOUTH","01","Wednesday",6,1.07409423507773
"LZ_SOUTH","01","Wednesday",7,3.32993278745824
"LZ_SOUTH","01","Wednesday",8,3.34911672520785
"LZ_SOUTH","01","Wednesday",9,1.5899565095318
"LZ_SOUTH","01","Wednesday",10,0.934649698317108
"LZ_SOUTH","01","Wednesday",11,0.842511789412162
"LZ_SOUTH","01","Wednesday",12,0.75199660785808
"LZ_SOUTH","01","Wednesday",13,0.708210473238178
"LZ_SOUTH","01","Wednesday",14,0.67222168105844
"LZ_SOUTH","01","Wednesday",15,0.649861048240613
"LZ_SOUTH","01","Wednesday",16,0.643480154250778
"LZ_SOUTH","01","Wednesday",17,0.669044985990225
"LZ_SOUTH","01","Wednesday",18,0.934319652076254
"LZ_SOUTH","01","Wednesday",19,1.03974192217555
"LZ_SOUTH","01","Wednesday",20,0.881539757393093
"LZ_SOUTH","01","Wednesday",21,0.83256914640645
"LZ_SOUTH","01","Wednesday",22,0.768485167974055
"LZ_SOUTH","01","Wednesday",23,0.664149300084231
"LZ_SOUTH","01","Wednesday",24,0.595664705107122
"LZ_SOUTH","02","Friday",1,0.671325369797579
"LZ_SOUTH","02","Friday",2,0.621141902986499
"LZ_SOUTH","02","Friday",3,0.600618614678039
"LZ_SOUTH","02","Friday",4,0.635472101588888
"LZ_SOUTH","02","Friday",5,0.694931317107716
"LZ_SOUTH","02","Friday",6,0.821570281500922
"LZ_SOUTH","02","Friday",7,1.52830457226371
"LZ_SOUTH","02","Friday",8,1.30321492173587
"LZ_SOUTH","02","Friday",9,1.18704588926728
"LZ_SOUTH","02","Friday",10,1.14347208770304
"LZ_SOUTH","02","Friday",11,1.08254097194017
"LZ_SOUTH","02","Friday",12,1.06787751290516
"LZ_SOUTH","02","Friday",13,1.02452588496266
"LZ_SOUTH","02","Friday",14,1.05035356849023
"LZ_SOUTH","02","Friday",15,1.07956939974936
"LZ_SOUTH","02","Friday",16,1.09131682999899
"LZ_SOUTH","02","Friday",17,1.09978719932792
"LZ_SOUTH","02","Friday",18,1.19957092719301
"LZ_SOUTH","02","Friday",19,1.4787043112097
"LZ_SOUTH","02","Friday",20,1.07426500453026
"LZ_SOUTH","02","Friday",21,1.01000128444125
"LZ_SOUTH","02","Friday",22,0.945682020946807
"LZ_SOUTH","02","Friday",23,0.831012660424976
"LZ_SOUTH","02","Friday",24,0.757695365249963
"LZ_SOUTH","02","Monday",1,0.638936879494736
"LZ_SOUTH","02","Monday",2,0.587154794631169
"LZ_SOUTH","02","Monday",3,0.574707440546937
"LZ_SOUTH","02","Monday",4,0.604897733567024
"LZ_SOUTH","02","Monday",5,0.673740336638145
"LZ_SOUTH","02","Monday",6,0.827121219531336
"LZ_SOUTH","02","Monday",7,1.36560576782
"LZ_SOUTH","02","Monday",8,1.26004892956622
"LZ_SOUTH","02","Monday",9,1.11043500909326
"LZ_SOUTH","02","Monday",10,1.10950691690277
"LZ_SOUTH","02","Monday",11,1.07080001319347
"LZ_SOUTH","02","Monday",12,1.04669691306984
"LZ_SOUTH","02","Monday",13,1.02570565146726
"LZ_SOUTH","02","Monday",14,1.04254779504176
"LZ_SOUTH","02","Monday",15,1.03367632557383
"LZ_SOUTH","02","Monday",16,1.05818887813444
"LZ_SOUTH","02","Monday",17,1.09665011038155
"LZ_SOUTH","02","Monday",18,1.22467223901104
"LZ_SOUTH","02","Monday",19,1.6734048131134
"LZ_SOUTH","02","Monday",20,1.20613769203035
"LZ_SOUTH","02","Monday",21,1.1283417290039
"LZ_SOUTH","02","Monday",22,1.04503180649278
"LZ_SOUTH","02","Monday",23,0.858922025470216
"LZ_SOUTH","02","Monday",24,0.737068980224585
"LZ_SOUTH","02","Saturday",1,0.792991201238624
"LZ_SOUTH","02","Saturday",2,0.717555983535365
"LZ_SOUTH","02","Saturday",3,0.697435897435897
"LZ_SOUTH","02","Saturday",4,0.705985423511197
"LZ_SOUTH","02","Saturday",5,0.749790415769797
"LZ_SOUTH","02","Saturday",6,0.84588950568332
"LZ_SOUTH","02","Saturday",7,0.955492617348287
"LZ_SOUTH","02","Saturday",8,1.04851025263396
"LZ_SOUTH","02","Saturday",9,1.20400286998225
"LZ_SOUTH","02","Saturday",10,1.31321324723387
"LZ_SOUTH","02","Saturday",11,1.2241833767607
"LZ_SOUTH","02","Saturday",12,1.09551754087837
"LZ_SOUTH","02","Saturday",13,1.0436161776368
"LZ_SOUTH","02","Saturday",14,1.06183301234848
"LZ_SOUTH","02","Saturday",15,1.05823798194932
"LZ_SOUTH","02","Saturday",16,1.05449189985272
"LZ_SOUTH","02","Saturday",17,1.05343453797062
"LZ_SOUTH","02","Saturday",18,1.15657263698501
"LZ_SOUTH","02","Saturday",19,1.52643782334504
"LZ_SOUTH","02","Saturday",20,1.09584985461274
"LZ_SOUTH","02","Saturday",21,1.02391903629017
"LZ_SOUTH","02","Saturday",22,0.952078848986066
"LZ_SOUTH","02","Saturday",23,0.849333484385031
"LZ_SOUTH","02","Saturday",24,0.773626373626374
"LZ_SOUTH","02","Sunday",1,0.75109293508132
"LZ_SOUTH","02","Sunday",2,0.671467374307475
"LZ_SOUTH","02","Sunday",3,0.625921425786215
"LZ_SOUTH","02","Sunday",4,0.64192319311381
"LZ_SOUTH","02","Sunday",5,0.673000477764011
"LZ_SOUTH","02","Sunday",6,0.731897202219274
"LZ_SOUTH","02","Sunday",7,0.916572289421187
"LZ_SOUTH","02","Sunday",8,0.991247203616634
"LZ_SOUTH","02","Sunday",9,1.15605582519427
"LZ_SOUTH","02","Sunday",10,1.20805358409512
"LZ_SOUTH","02","Sunday",11,1.14203431649803
"LZ_SOUTH","02","Sunday",12,1.08866315241737
"LZ_SOUTH","02","Sunday",13,1.05547785051443
"LZ_SOUTH","02","Sunday",14,1.04694996253745
"LZ_SOUTH","02","Sunday",15,1.05643604017476
"LZ_SOUTH","02","Sunday",16,1.05573336775718
"LZ_SOUTH","02","Sunday",17,1.05193254877119
"LZ_SOUTH","02","Sunday",18,1.20907565306614
"LZ_SOUTH","02","Sunday",19,1.75300798358302
"LZ_SOUTH","02","Sunday",20,1.25359953261638
"LZ_SOUTH","02","Sunday",21,1.12271082501461
"LZ_SOUTH","02","Sunday",22,1.04765263495503
"LZ_SOUTH","02","Sunday",23,0.927208194650906
"LZ_SOUTH","02","Sunday",24,0.822286426844216
"LZ_SOUTH","02","Thursday",1,0.624145476478517
"LZ_SOUTH","02","Thursday",2,0.574115491177645
"LZ_SOUTH","02","Thursday",3,0.561435334770633
"LZ_SOUTH","02","Thursday",4,0.587569164751099
"LZ_SOUTH","02","Thursday",5,0.641770617628134
"LZ_SOUTH","02","Thursday",6,0.836089180083314
"LZ_SOUTH","02","Thursday",7,1.63662419612344
"LZ_SOUTH","02","Thursday",8,1.36650095135705
"LZ_SOUTH","02","Thursday",9,1.15417048916903
"LZ_SOUTH","02","Thursday",10,1.1075108286648
"LZ_SOUTH","02","Thursday",11,1.06806145317631
"LZ_SOUTH","02","Thursday",12,1.04004908150592
"LZ_SOUTH","02","Thursday",13,1.02333558558818
"LZ_SOUTH","02","Thursday",14,1.02850157523548
"LZ_SOUTH","02","Thursday",15,1.02526937850428
"LZ_SOUTH","02","Thursday",16,1.05187284390723
"LZ_SOUTH","02","Thursday",17,1.06212194636257
"LZ_SOUTH","02","Thursday",18,1.1581209518405
"LZ_SOUTH","02","Thursday",19,1.58938439774437
"LZ_SOUTH","02","Thursday",20,1.15853533603681
"LZ_SOUTH","02","Thursday",21,1.07460872347797
"LZ_SOUTH","02","Thursday",22,1.02814244226535
"LZ_SOUTH","02","Thursday",23,0.864267305432232
"LZ_SOUTH","02","Thursday",24,0.73779724871915
"LZ_SOUTH","02","Tuesday",1,0.623551348250143
"LZ_SOUTH","02","Tuesday",2,0.543889845094664
"LZ_SOUTH","02","Tuesday",3,0.523006310958118
"LZ_SOUTH","02","Tuesday",4,0.553671830177854
"LZ_SOUTH","02","Tuesday",5,0.640504876649455
"LZ_SOUTH","02","Tuesday",6,0.814170969592656
"LZ_SOUTH","02","Tuesday",7,1.23511187607573
"LZ_SOUTH","02","Tuesday",8,1.13218588640275
"LZ_SOUTH","02","Tuesday",9,1.06095811818703
"LZ_SOUTH","02","Tuesday",10,1.06477337923121
"LZ_SOUTH","02","Tuesday",11,1.04185312679289
"LZ_SOUTH","02","Tuesday",12,1.04672977624785
"LZ_SOUTH","02","Tuesday",13,1.05057372346529
"LZ_SOUTH","02","Tuesday",14,1.08052208835341
"LZ_SOUTH","02","Tuesday",15,1.09483648881239
"LZ_SOUTH","02","Tuesday",16,1.11744119334481
"LZ_SOUTH","02","Tuesday",17,1.14606999426277
"LZ_SOUTH","02","Tuesday",18,1.24543889845095
"LZ_SOUTH","02","Tuesday",19,1.8464429145152
"LZ_SOUTH","02","Tuesday",20,1.26626506024096
"LZ_SOUTH","02","Tuesday",21,1.12340791738382
"LZ_SOUTH","02","Tuesday",22,1.03479632816982
"LZ_SOUTH","02","Tuesday",23,0.900458978772232
"LZ_SOUTH","02","Tuesday",24,0.813339070567986
"LZ_SOUTH","02","Wednesday",1,0.665035456329361
"LZ_SOUTH","02","Wednesday",2,0.59742444116049
"LZ_SOUTH","02","Wednesday",3,0.578459025357592
"LZ_SOUTH","02","Wednesday",4,0.597728995282872
"LZ_SOUTH","02","Wednesday",5,0.676996127317467
"LZ_SOUTH","02","Wednesday",6,0.829051694601432
"LZ_SOUTH","02","Wednesday",7,1.36033251772816
"LZ_SOUTH","02","Wednesday",8,1.18211298265772
"LZ_SOUTH","02","Wednesday",9,1.04683557884318
"LZ_SOUTH","02","Wednesday",10,1.0396370268596
"LZ_SOUTH","02","Wednesday",11,1.03670223258937
"LZ_SOUTH","02","Wednesday",12,1.03684066628136
"LZ_SOUTH","02","Wednesday",13,1.01006759025012
"LZ_SOUTH","02","Wednesday",14,1.0586024426625
"LZ_SOUTH","02","Wednesday",15,1.12817921625765
"LZ_SOUTH","02","Wednesday",16,1.18042409161542
"LZ_SOUTH","02","Wednesday",17,1.15437087078253
"LZ_SOUTH","02","Wednesday",18,1.20224124147335
"LZ_SOUTH","02","Wednesday",19,1.67227899926284
"LZ_SOUTH","02","Wednesday",20,1.20786164936822
"LZ_SOUTH","02","Wednesday",21,1.12266955531637
"LZ_SOUTH","02","Wednesday",22,1.01784756374006
"LZ_SOUTH","02","Wednesday",23,0.842452075986253
"LZ_SOUTH","02","Wednesday",24,0.755847958276085
"LZ_SOUTH","03","Friday",1,0.694868030628322
"LZ_SOUTH","03","Friday",2,0.588127140913475
"LZ_SOUTH","03","Friday",3,0.562827943393611
"LZ_SOUTH","03","Friday",4,0.572581032956278
"LZ_SOUTH","03","Friday",5,0.636983104639223
"LZ_SOUTH","03","Friday",6,0.754789564646747
"LZ_SOUTH","03","Friday",7,1.16303895861443
"LZ_SOUTH","03","Friday",8,1.04238124736585
"LZ_SOUTH","03","Friday",9,0.981328264442238
"LZ_SOUTH","03","Friday",10,1.0570674541551
"LZ_SOUTH","03","Friday",11,1.0501882448116
"LZ_SOUTH","03","Friday",12,1.06439924306068
"LZ_SOUTH","03","Friday",13,1.09798064656648
"LZ_SOUTH","03","Friday",14,1.18139105985648
"LZ_SOUTH","03","Friday",15,1.29268037417015
"LZ_SOUTH","03","Friday",16,1.40340396403124
"LZ_SOUTH","03","Friday",17,1.41784125206136
"LZ_SOUTH","03","Friday",18,1.24450327978751
"LZ_SOUTH","03","Friday",19,1.2674264346065
"LZ_SOUTH","03","Friday",20,1.17285993511141
"LZ_SOUTH","03","Friday",21,1.10608182072758
"LZ_SOUTH","03","Friday",22,0.993955234224067
"LZ_SOUTH","03","Friday",23,0.876510837866201
"LZ_SOUTH","03","Friday",24,0.776784931363481
"LZ_SOUTH","03","Monday",1,0.557608692769844
"LZ_SOUTH","03","Monday",2,0.499418826143719
"LZ_SOUTH","03","Monday",3,0.478204875496207
"LZ_SOUTH","03","Monday",4,0.493309208357236
"LZ_SOUTH","03","Monday",5,0.547553280162923
"LZ_SOUTH","03","Monday",6,0.695966078892915
"LZ_SOUTH","03","Monday",7,1.11725392480185
"LZ_SOUTH","03","Monday",8,1.07609886054568
"LZ_SOUTH","03","Monday",9,0.932883479724325
"LZ_SOUTH","03","Monday",10,0.950151635551399
"LZ_SOUTH","03","Monday",11,0.986597202763824
"LZ_SOUTH","03","Monday",12,1.02452774652157
"LZ_SOUTH","03","Monday",13,1.02628850442532
"LZ_SOUTH","03","Monday",14,1.10804707022083
"LZ_SOUTH","03","Monday",15,1.23600962052662
"LZ_SOUTH","03","Monday",16,1.37508828097171
"LZ_SOUTH","03","Monday",17,1.52509212600026
"LZ_SOUTH","03","Monday",18,1.4356328961197
"LZ_SOUTH","03","Monday",19,1.63067395837293
"LZ_SOUTH","03","Monday",20,1.49282570706539
"LZ_SOUTH","03","Monday",21,1.28853536232986
"LZ_SOUTH","03","Monday",22,0.998031522162833
"LZ_SOUTH","03","Monday",23,0.808400017324726
"LZ_SOUTH","03","Monday",24,0.715801122748338
"LZ_SOUTH","03","Saturday",1,0.692059065847012
"LZ_SOUTH","03","Saturday",2,0.619565095827291
"LZ_SOUTH","03","Saturday",3,0.584671361414837
"LZ_SOUTH","03","Saturday",4,0.593215852790194
"LZ_SOUTH","03","Saturday",5,0.647323508907968
"LZ_SOUTH","03","Saturday",6,0.690202540234041
"LZ_SOUTH","03","Saturday",7,0.794995582363752
"LZ_SOUTH","03","Saturday",8,0.838075923696052
"LZ_SOUTH","03","Saturday",9,0.983891471538866
"LZ_SOUTH","03","Saturday",10,1.11460876891475
"LZ_SOUTH","03","Saturday",11,1.12937150270464
"LZ_SOUTH","03","Saturday",12,1.15639177909582
"LZ_SOUTH","03","Saturday",13,1.16529415492669
"LZ_SOUTH","03","Saturday",14,1.21036522854278
"LZ_SOUTH","03","Saturday",15,1.27840801064706
"LZ_SOUTH","03","Saturday",16,1.44158095458223
"LZ_SOUTH","03","Saturday",17,1.47137483550363
"LZ_SOUTH","03","Saturday",18,1.33931547141957
"LZ_SOUTH","03","Saturday",19,1.24197089952021
"LZ_SOUTH","03","Saturday",20,1.23631185156742
"LZ_SOUTH","03","Saturday",21,1.14440264983616
"LZ_SOUTH","03","Saturday",22,0.969106369970512
"LZ_SOUTH","03","Saturday",23,0.863977811163758
"LZ_SOUTH","03","Saturday",24,0.793519308984764
"LZ_SOUTH","03","Sunday",1,0.777843628733626
"LZ_SOUTH","03","Sunday",2,0.686665781150053
"LZ_SOUTH","03","Sunday",3,0.624235076944721
"LZ_SOUTH","03","Sunday",4,0.607877602261974
"LZ_SOUTH","03","Sunday",5,0.633112070339734
"LZ_SOUTH","03","Sunday",6,0.673062430623164
"LZ_SOUTH","03","Sunday",7,0.828337849927301
"LZ_SOUTH","03","Sunday",8,0.863281772656225
"LZ_SOUTH","03","Sunday",9,0.967759550308838
"LZ_SOUTH","03","Sunday",10,1.0461178835483
"LZ_SOUTH","03","Sunday",11,1.07858387253812
"LZ_SOUTH","03","Sunday",12,1.0579512814044
"LZ_SOUTH","03","Sunday",13,1.05312183911698
"LZ_SOUTH","03","Sunday",14,1.07329929956392
"LZ_SOUTH","03","Sunday",15,1.12232698854466
"LZ_SOUTH","03","Sunday",16,1.25570556480738
"LZ_SOUTH","03","Sunday",17,1.38397656336297
"LZ_SOUTH","03","Sunday",18,1.24784191794146
"LZ_SOUTH","03","Sunday",19,1.3170723524073
"LZ_SOUTH","03","Sunday",20,1.50150142070308
"LZ_SOUTH","03","Sunday",21,1.35047388780883
"LZ_SOUTH","03","Sunday",22,1.08809104688405
"LZ_SOUTH","03","Sunday",23,0.925634676744159
"LZ_SOUTH","03","Sunday",24,0.836125641678755
"LZ_SOUTH","03","Thursday",1,0.659369846461986
"LZ_SOUTH","03","Thursday",2,0.565233246069024
"LZ_SOUTH","03","Thursday",3,0.520472642366913
"LZ_SOUTH","03","Thursday",4,0.530879047313221
"LZ_SOUTH","03","Thursday",5,0.604442315751661
"LZ_SOUTH","03","Thursday",6,0.732171139642851
"LZ_SOUTH","03","Thursday",7,1.11226616884283
"LZ_SOUTH","03","Thursday",8,1.05344167895805
"LZ_SOUTH","03","Thursday",9,0.958477791142582
"LZ_SOUTH","03","Thursday",10,0.964072866605346
"LZ_SOUTH","03","Thursday",11,0.999101957732144
"LZ_SOUTH","03","Thursday",12,1.04035747524941
"LZ_SOUTH","03","Thursday",13,1.09180169049654
"LZ_SOUTH","03","Thursday",14,1.188115363054
"LZ_SOUTH","03","Thursday",15,1.23810093995091
"LZ_SOUTH","03","Thursday",16,1.34673684095944
"LZ_SOUTH","03","Thursday",17,1.45437128877229
"LZ_SOUTH","03","Thursday",18,1.32045957993393
"LZ_SOUTH","03","Thursday",19,1.43749897949742
"LZ_SOUTH","03","Thursday",20,1.36522018363604
"LZ_SOUTH","03","Thursday",21,1.24175842118727
"LZ_SOUTH","03","Thursday",22,1.00003809876288
"LZ_SOUTH","03","Thursday",23,0.853651766421928
"LZ_SOUTH","03","Thursday",24,0.721960671191348
"LZ_SOUTH","03","Tuesday",1,0.560937382910842
"LZ_SOUTH","03","Tuesday",2,0.491198084162291
"LZ_SOUTH","03","Tuesday",3,0.46867870017682
"LZ_SOUTH","03","Tuesday",4,0.484845972451861
"LZ_SOUTH","03","Tuesday",5,0.557723061322432
"LZ_SOUTH","03","Tuesday",6,0.749797909096562
"LZ_SOUTH","03","Tuesday",7,2.21015221789784
"LZ_SOUTH","03","Tuesday",8,1.99982461538952
"LZ_SOUTH","03","Tuesday",9,1.17904377121556
"LZ_SOUTH","03","Tuesday",10,0.941107442206785
"LZ_SOUTH","03","Tuesday",11,0.876840143305171
"LZ_SOUTH","03","Tuesday",12,0.919736030217174
"LZ_SOUTH","03","Tuesday",13,0.935348449360883
"LZ_SOUTH","03","Tuesday",14,1.04605121549507
"LZ_SOUTH","03","Tuesday",15,1.12981490545972
"LZ_SOUTH","03","Tuesday",16,1.22699073490935
"LZ_SOUTH","03","Tuesday",17,1.29053098488025
"LZ_SOUTH","03","Tuesday",18,1.15369272297363
"LZ_SOUTH","03","Tuesday",19,1.25624488793721
"LZ_SOUTH","03","Tuesday",20,1.18434357526312
"LZ_SOUTH","03","Tuesday",21,1.0301135376192
"LZ_SOUTH","03","Tuesday",22,0.885239471741553
"LZ_SOUTH","03","Tuesday",23,0.758943419330254
"LZ_SOUTH","03","Tuesday",24,0.662800764676902
"LZ_SOUTH","03","Wednesday",1,0.645696301360879
"LZ_SOUTH","03","Wednesday",2,0.577342410049675
"LZ_SOUTH","03","Wednesday",3,0.55823782086932
"LZ_SOUTH","03","Wednesday",4,0.56552602757695
"LZ_SOUTH","03","Wednesday",5,0.629632058765659
"LZ_SOUTH","03","Wednesday",6,0.771105207312285
"LZ_SOUTH","03","Wednesday",7,1.28934414225659
"LZ_SOUTH","03","Wednesday",8,1.11955911380725
"LZ_SOUTH","03","Wednesday",9,0.949881899066603
"LZ_SOUTH","03","Wednesday",10,0.975412185285046
"LZ_SOUTH","03","Wednesday",11,0.984705726974361
"LZ_SOUTH","03","Wednesday",12,1.01400949299705
"LZ_SOUTH","03","Wednesday",13,1.08874595586286
"LZ_SOUTH","03","Wednesday",14,1.21145951909695
"LZ_SOUTH","03","Wednesday",15,1.29643828428858
"LZ_SOUTH","03","Wednesday",16,1.35780584727649
"LZ_SOUTH","03","Wednesday",17,1.39666190788936
"LZ_SOUTH","03","Wednesday",18,1.24149641833875
"LZ_SOUTH","03","Wednesday",19,1.36837159072838
"LZ_SOUTH","03","Wednesday",20,1.26430979909814
"LZ_SOUTH","03","Wednesday",21,1.17161157236411
"LZ_SOUTH","03","Wednesday",22,0.967563347292214
"LZ_SOUTH","03","Wednesday",23,0.831459321438486
"LZ_SOUTH","03","Wednesday",24,0.723624050003998
"LZ_SOUTH","04","Friday",1,0.676493827580054
"LZ_SOUTH","04","Friday",2,0.588383559471316
"LZ_SOUTH","04","Friday",3,0.536410055989329
"LZ_SOUTH","04","Friday",4,0.531448330940264
"LZ_SOUTH","04","Friday",5,0.576058543824323
"LZ_SOUTH","04","Friday",6,0.7178188800435
"LZ_SOUTH","04","Friday",7,0.930198837166493
"LZ_SOUTH","04","Friday",8,0.845011229018162
"LZ_SOUTH","04","Friday",9,0.861686250187622
"LZ_SOUTH","04","Friday",10,0.90747458956735
"LZ_SOUTH","04","Friday",11,0.956593401925217
"LZ_SOUTH","04","Friday",12,1.00195127200845
"LZ_SOUTH","04","Friday",13,1.11045219100376
"LZ_SOUTH","04","Friday",14,1.25044533747943
"LZ_SOUTH","04","Friday",15,1.47354171445725
"LZ_SOUTH","04","Friday",16,1.71344905027711
"LZ_SOUTH","04","Friday",17,1.87915707314863
"LZ_SOUTH","04","Friday",18,1.4683307703418
"LZ_SOUTH","04","Friday",19,1.14178582453278
"LZ_SOUTH","04","Friday",20,1.10288499389696
"LZ_SOUTH","04","Friday",21,1.14135535523629
"LZ_SOUTH","04","Friday",22,0.962053565107065
"LZ_SOUTH","04","Friday",23,0.864246409687825
"LZ_SOUTH","04","Friday",24,0.762768937109002
"LZ_SOUTH","04","Monday",1,0.561361305044754
"LZ_SOUTH","04","Monday",2,0.494527959182189
"LZ_SOUTH","04","Monday",3,0.459219776462343
"LZ_SOUTH","04","Monday",4,0.47087923680005
"LZ_SOUTH","04","Monday",5,0.533308759872832
"LZ_SOUTH","04","Monday",6,0.681409126292228
"LZ_SOUTH","04","Monday",7,1.05266884756129
"LZ_SOUTH","04","Monday",8,0.959625966064374
"LZ_SOUTH","04","Monday",9,0.913938729632926
"LZ_SOUTH","04","Monday",10,0.917450147804515
"LZ_SOUTH","04","Monday",11,0.913298526319874
"LZ_SOUTH","04","Monday",12,0.961255574497598
"LZ_SOUTH","04","Monday",13,1.03827397306781
"LZ_SOUTH","04","Monday",14,1.20883965574522
"LZ_SOUTH","04","Monday",15,1.38555517024801
"LZ_SOUTH","04","Monday",16,1.71758788851732
"LZ_SOUTH","04","Monday",17,2.02692248932388
"LZ_SOUTH","04","Monday",18,1.62440920631764
"LZ_SOUTH","04","Monday",19,1.20488203526453
"LZ_SOUTH","04","Monday",20,1.17968130485075
"LZ_SOUTH","04","Monday",21,1.22822035604034
"LZ_SOUTH","04","Monday",22,0.955493744680129
"LZ_SOUTH","04","Monday",23,0.823514861689409
"LZ_SOUTH","04","Monday",24,0.687675358719981
"LZ_SOUTH","04","Saturday",1,0.754609205661099
"LZ_SOUTH","04","Saturday",2,0.638680253827519
"LZ_SOUTH","04","Saturday",3,0.570747064996714
"LZ_SOUTH","04","Saturday",4,0.547043419413686
"LZ_SOUTH","04","Saturday",5,0.559448405731716
"LZ_SOUTH","04","Saturday",6,0.630441648113457
"LZ_SOUTH","04","Saturday",7,0.817599231063467
"LZ_SOUTH","04","Saturday",8,0.825202287193872
"LZ_SOUTH","04","Saturday",9,0.922041212644298
"LZ_SOUTH","04","Saturday",10,1.00492158612776
"LZ_SOUTH","04","Saturday",11,1.05303504349788
"LZ_SOUTH","04","Saturday",12,1.12205102050824
"LZ_SOUTH","04","Saturday",13,1.16392667640914
"LZ_SOUTH","04","Saturday",14,1.26883943545935
"LZ_SOUTH","04","Saturday",15,1.35395600192234
"LZ_SOUTH","04","Saturday",16,1.48010082484136
"LZ_SOUTH","04","Saturday",17,1.58482527290381
"LZ_SOUTH","04","Saturday",18,1.32427348247825
"LZ_SOUTH","04","Saturday",19,1.15844211889093
"LZ_SOUTH","04","Saturday",20,1.16100785609902
"LZ_SOUTH","04","Saturday",21,1.28406908659363
"LZ_SOUTH","04","Saturday",22,1.06499279122
"LZ_SOUTH","04","Saturday",23,0.907988505183456
"LZ_SOUTH","04","Saturday",24,0.801757569219
"LZ_SOUTH","04","Sunday",1,0.780192476569829
"LZ_SOUTH","04","Sunday",2,0.691069410851459
"LZ_SOUTH","04","Sunday",3,0.630071541820645
"LZ_SOUTH","04","Sunday",4,0.613431399875918
"LZ_SOUTH","04","Sunday",5,0.625755654860917
"LZ_SOUTH","04","Sunday",6,0.670832696440292
"LZ_SOUTH","04","Sunday",7,0.788392661793311
"LZ_SOUTH","04","Sunday",8,0.824478272206587
"LZ_SOUTH","04","Sunday",9,0.925206278416669
"LZ_SOUTH","04","Sunday",10,0.990304240059223
"LZ_SOUTH","04","Sunday",11,1.0179019394517
"LZ_SOUTH","04","Sunday",12,1.04267033517058
"LZ_SOUTH","04","Sunday",13,1.07597459620981
"LZ_SOUTH","04","Sunday",14,1.14011347186132
"LZ_SOUTH","04","Sunday",15,1.22885290318327
"LZ_SOUTH","04","Sunday",16,1.31003953232569
"LZ_SOUTH","04","Sunday",17,1.40136849582348
"LZ_SOUTH","04","Sunday",18,1.2741697162604
"LZ_SOUTH","04","Sunday",19,1.2077050570806
"LZ_SOUTH","04","Sunday",20,1.32380241629727
"LZ_SOUTH","04","Sunday",21,1.58606448055004
"LZ_SOUTH","04","Sunday",22,1.12987522890685
"LZ_SOUTH","04","Sunday",23,0.920698574258731
"LZ_SOUTH","04","Sunday",24,0.801028619725402
"LZ_SOUTH","04","Thursday",1,0.663456741423119
"LZ_SOUTH","04","Thursday",2,0.560545764638999
"LZ_SOUTH","04","Thursday",3,0.491489830724786
"LZ_SOUTH","04","Thursday",4,0.479562831386108
"LZ_SOUTH","04","Thursday",5,0.535392326344978
"LZ_SOUTH","04","Thursday",6,0.690164866401364
"LZ_SOUTH","04","Thursday",7,0.915107145757678
"LZ_SOUTH","04","Thursday",8,0.869557146337785
"LZ_SOUTH","04","Thursday",9,0.857421308489285
"LZ_SOUTH","04","Thursday",10,0.860809133204163
"LZ_SOUTH","04","Thursday",11,0.930909259667483
"LZ_SOUTH","04","Thursday",12,0.951073778004664
"LZ_SOUTH","04","Thursday",13,1.02929540207214
"LZ_SOUTH","04","Thursday",14,1.18546019886067
"LZ_SOUTH","04","Thursday",15,1.38863686463784
"LZ_SOUTH","04","Thursday",16,1.69298418628395
"LZ_SOUTH","04","Thursday",17,1.99921105451845
"LZ_SOUTH","04","Thursday",18,1.59844995417155
"LZ_SOUTH","04","Thursday",19,1.23804109477788
"LZ_SOUTH","04","Thursday",20,1.18861598078686
"LZ_SOUTH","04","Thursday",21,1.28542423222842
"LZ_SOUTH","04","Thursday",22,0.975623905048091
"LZ_SOUTH","04","Thursday",23,0.868327319557726
"LZ_SOUTH","04","Thursday",24,0.74443967467601
"LZ_SOUTH","04","Tuesday",1,0.61222974221358
"LZ_SOUTH","04","Tuesday",2,0.516893073615593
"LZ_SOUTH","04","Tuesday",3,0.474250955644807
"LZ_SOUTH","04","Tuesday",4,0.471280429506509
"LZ_SOUTH","04","Tuesday",5,0.531487397686362
"LZ_SOUTH","04","Tuesday",6,0.671037549531191
"LZ_SOUTH","04","Tuesday",7,0.918409189975551
"LZ_SOUTH","04","Tuesday",8,0.881686598729634
"LZ_SOUTH","04","Tuesday",9,0.845889606207969
"LZ_SOUTH","04","Tuesday",10,0.880631846695021
"LZ_SOUTH","04","Tuesday",11,0.924113461183152
"LZ_SOUTH","04","Tuesday",12,1.00494190791728
"LZ_SOUTH","04","Tuesday",13,1.07840861596084
"LZ_SOUTH","04","Tuesday",14,1.26066546243163
"LZ_SOUTH","04","Tuesday",15,1.4712499349749
"LZ_SOUTH","04","Tuesday",16,1.79742662029106
"LZ_SOUTH","04","Tuesday",17,1.95768435289707
"LZ_SOUTH","04","Tuesday",18,1.59568914950751
"LZ_SOUTH","04","Tuesday",19,1.21905657094373
"LZ_SOUTH","04","Tuesday",20,1.11999598189701
"LZ_SOUTH","04","Tuesday",21,1.21494519056392
"LZ_SOUTH","04","Tuesday",22,0.997709322537073
"LZ_SOUTH","04","Tuesday",23,0.836655144517173
"LZ_SOUTH","04","Tuesday",24,0.717661894571435
"LZ_SOUTH","04","Wednesday",1,0.60727394436116
"LZ_SOUTH","04","Wednesday",2,0.533448837412071
"LZ_SOUTH","04","Wednesday",3,0.480414464635782
"LZ_SOUTH","04","Wednesday",4,0.487569717305642
"LZ_SOUTH","04","Wednesday",5,0.525573559316313
"LZ_SOUTH","04","Wednesday",6,0.658733261518297
"LZ_SOUTH","04","Wednesday",7,0.924985163538587
"LZ_SOUTH","04","Wednesday",8,0.846389888142925
"LZ_SOUTH","04","Wednesday",9,0.822764053855652
"LZ_SOUTH","04","Wednesday",10,0.863760501542711
"LZ_SOUTH","04","Wednesday",11,0.903901919036516
"LZ_SOUTH","04","Wednesday",12,0.977862030752961
"LZ_SOUTH","04","Wednesday",13,1.04822201533992
"LZ_SOUTH","04","Wednesday",14,1.21281532754125
"LZ_SOUTH","04","Wednesday",15,1.40227201773063
"LZ_SOUTH","04","Wednesday",16,1.66024362735309
"LZ_SOUTH","04","Wednesday",17,1.88579159201559
"LZ_SOUTH","04","Wednesday",18,1.62016971224296
"LZ_SOUTH","04","Wednesday",19,1.26845979248642
"LZ_SOUTH","04","Wednesday",20,1.22897089803484
"LZ_SOUTH","04","Wednesday",21,1.43359312375718
"LZ_SOUTH","04","Wednesday",22,1.02043353405917
"LZ_SOUTH","04","Wednesday",23,0.863287984856965
"LZ_SOUTH","04","Wednesday",24,0.723063033163359
"LZ_SOUTH","05","Friday",1,0.618208312925071
"LZ_SOUTH","05","Friday",2,0.563799275293453
"LZ_SOUTH","05","Friday",3,0.529352564618043
"LZ_SOUTH","05","Friday",4,0.523679676781855
"LZ_SOUTH","05","Friday",5,0.548067246139488
"LZ_SOUTH","05","Friday",6,0.61928050822057
"LZ_SOUTH","05","Friday",7,0.7228350793059
"LZ_SOUTH","05","Friday",8,0.725954192892807
"LZ_SOUTH","05","Friday",9,0.741608244207099
"LZ_SOUTH","05","Friday",10,0.799877184902515
"LZ_SOUTH","05","Friday",11,0.898324207489284
"LZ_SOUTH","05","Friday",12,0.987121472416558
"LZ_SOUTH","05","Friday",13,1.11773435386831
"LZ_SOUTH","05","Friday",14,1.33500010965634
"LZ_SOUTH","05","Friday",15,1.62683217463137
"LZ_SOUTH","05","Friday",16,2.08834401873418
"LZ_SOUTH","05","Friday",17,2.30785163741279
"LZ_SOUTH","05","Friday",18,1.63743716082686
"LZ_SOUTH","05","Friday",19,1.13067867525398
"LZ_SOUTH","05","Friday",20,1.03778757374389
"LZ_SOUTH","05","Friday",21,1.03154934657007
"LZ_SOUTH","05","Friday",22,0.900059214422001
"LZ_SOUTH","05","Friday",23,0.808240308207411
"LZ_SOUTH","05","Friday",24,0.700377461480166
"LZ_SOUTH","05","Monday",1,0.630273915900514
"LZ_SOUTH","05","Monday",2,0.551979391969831
"LZ_SOUTH","05","Monday",3,0.49405303752737
"LZ_SOUTH","05","Monday",4,0.488556230256259
"LZ_SOUTH","05","Monday",5,0.537667704674868
"LZ_SOUTH","05","Monday",6,0.613383726285649
"LZ_SOUTH","05","Monday",7,0.7247390474033
"LZ_SOUTH","05","Monday",8,0.737491640272275
"LZ_SOUTH","05","Monday",9,0.760218439789556
"LZ_SOUTH","05","Monday",10,0.81874444593432
"LZ_SOUTH","05","Monday",11,0.918826315048676
"LZ_SOUTH","05","Monday",12,1.02178651233409
"LZ_SOUTH","05","Monday",13,1.14833300991008
"LZ_SOUTH","05","Monday",14,1.39608910491156
"LZ_SOUTH","05","Monday",15,1.62195791277899
"LZ_SOUTH","05","Monday",16,1.97467304407357
"LZ_SOUTH","05","Monday",17,2.07729343872767
"LZ_SOUTH","05","Monday",18,1.61564158151474
"LZ_SOUTH","05","Monday",19,1.18333268093449
"LZ_SOUTH","05","Monday",20,1.0587650339761
"LZ_SOUTH","05","Monday",21,1.09306511134783
"LZ_SOUTH","05","Monday",22,0.969676779403963
"LZ_SOUTH","05","Monday",23,0.845708784147874
"LZ_SOUTH","05","Monday",24,0.717743110876432
"LZ_SOUTH","05","Saturday",1,0.653558393032779
"LZ_SOUTH","05","Saturday",2,0.585178762830893
"LZ_SOUTH","05","Saturday",3,0.549156026127079
"LZ_SOUTH","05","Saturday",4,0.519511432804352
"LZ_SOUTH","05","Saturday",5,0.533856957950518
"LZ_SOUTH","05","Saturday",6,0.559115253333427
"LZ_SOUTH","05","Saturday",7,0.658686335551792
"LZ_SOUTH","05","Saturday",8,0.677100310960977
"LZ_SOUTH","05","Saturday",9,0.730371581592382
"LZ_SOUTH","05","Saturday",10,0.81375362213915
"LZ_SOUTH","05","Saturday",11,0.911163340155286
"LZ_SOUTH","05","Saturday",12,0.972507941777369
"LZ_SOUTH","05","Saturday",13,1.13435597880309
"LZ_SOUTH","05","Saturday",14,1.36176539662976
"LZ_SOUTH","05","Saturday",15,1.61322528866749
"LZ_SOUTH","05","Saturday",16,2.09304814156229
"LZ_SOUTH","05","Saturday",17,2.38324307047919
"LZ_SOUTH","05","Saturday",18,1.65206627477225
"LZ_SOUTH","05","Saturday",19,1.13666567192116
"LZ_SOUTH","05","Saturday",20,1.01473930310131
"LZ_SOUTH","05","Saturday",21,1.01865942444849
"LZ_SOUTH","05","Saturday",22,0.917626242916853
"LZ_SOUTH","05","Saturday",23,0.793559699739895
"LZ_SOUTH","05","Saturday",24,0.71708554870221
"LZ_SOUTH","05","Sunday",1,0.696267409158751
"LZ_SOUTH","05","Sunday",2,0.623058635530785
"LZ_SOUTH","05","Sunday",3,0.555271074637816
"LZ_SOUTH","05","Sunday",4,0.518263457124536
"LZ_SOUTH","05","Sunday",5,0.514499970597762
"LZ_SOUTH","05","Sunday",6,0.535535172077768
"LZ_SOUTH","05","Sunday",7,0.660312671804747
"LZ_SOUTH","05","Sunday",8,0.681594292045434
"LZ_SOUTH","05","Sunday",9,0.749785083637701
"LZ_SOUTH","05","Sunday",10,0.836927718096938
"LZ_SOUTH","05","Sunday",11,0.916296960741944
"LZ_SOUTH","05","Sunday",12,0.971696378484282
"LZ_SOUTH","05","Sunday",13,1.13363830766316
"LZ_SOUTH","05","Sunday",14,1.34979236419199
"LZ_SOUTH","05","Sunday",15,1.61285559207241
"LZ_SOUTH","05","Sunday",16,1.94077175742313
"LZ_SOUTH","05","Sunday",17,2.04621658528936
"LZ_SOUTH","05","Sunday",18,1.62902962345533
"LZ_SOUTH","05","Sunday",19,1.23738060591013
"LZ_SOUTH","05","Sunday",20,1.10187268924074
"LZ_SOUTH","05","Sunday",21,1.10108862954766
"LZ_SOUTH","05","Sunday",22,0.987355170640325
"LZ_SOUTH","05","Sunday",23,0.84725490434005
"LZ_SOUTH","05","Sunday",24,0.753234946287244
"LZ_SOUTH","05","Thursday",1,0.587172387292187
"LZ_SOUTH","05","Thursday",2,0.519505882618867
"LZ_SOUTH","05","Thursday",3,0.482327279302901
"LZ_SOUTH","05","Thursday",4,0.469144788146608
"LZ_SOUTH","05","Thursday",5,0.50437042980979
"LZ_SOUTH","05","Thursday",6,0.584261027791277
"LZ_SOUTH","05","Thursday",7,0.720697098812174
"LZ_SOUTH","05","Thursday",8,0.696176580282773
"LZ_SOUTH","05","Thursday",9,0.724132864682813
"LZ_SOUTH","05","Thursday",10,0.765054644499949
"LZ_SOUTH","05","Thursday",11,0.850370135961393
"LZ_SOUTH","05","Thursday",12,0.942068918750918
"LZ_SOUTH","05","Thursday",13,1.14456210937941
"LZ_SOUTH","05","Thursday",14,1.33893604276624
"LZ_SOUTH","05","Thursday",15,1.73645415399916
"LZ_SOUTH","05","Thursday",16,2.21686463760581
"LZ_SOUTH","05","Thursday",17,2.48449271595032
"LZ_SOUTH","05","Thursday",18,1.63963788836021
"LZ_SOUTH","05","Thursday",19,1.17005910873521
"LZ_SOUTH","05","Thursday",20,1.0394638396944
"LZ_SOUTH","05","Thursday",21,1.04774584374046
"LZ_SOUTH","05","Thursday",22,0.880930369231812
"LZ_SOUTH","05","Thursday",23,0.775578937851064
"LZ_SOUTH","05","Thursday",24,0.679992314734237
"LZ_SOUTH","05","Tuesday",1,0.585302284902154
"LZ_SOUTH","05","Tuesday",2,0.536726795670712
"LZ_SOUTH","05","Tuesday",3,0.491614737072264
"LZ_SOUTH","05","Tuesday",4,0.484617907510659
"LZ_SOUTH","05","Tuesday",5,0.518325133923691
"LZ_SOUTH","05","Tuesday",6,0.59369848037608
"LZ_SOUTH","05","Tuesday",7,0.727810210998141
"LZ_SOUTH","05","Tuesday",8,0.720271127145512
"LZ_SOUTH","05","Tuesday",9,0.738445391931781
"LZ_SOUTH","05","Tuesday",10,0.798897999344047
"LZ_SOUTH","05","Tuesday",11,0.930106045698043
"LZ_SOUTH","05","Tuesday",12,1.05904012244452
"LZ_SOUTH","05","Tuesday",13,1.24272439051055
"LZ_SOUTH","05","Tuesday",14,1.37494697715098
"LZ_SOUTH","05","Tuesday",15,1.74413468896906
"LZ_SOUTH","05","Tuesday",16,2.09770197879086
"LZ_SOUTH","05","Tuesday",17,2.27785284792828
"LZ_SOUTH","05","Tuesday",18,1.5982507926096
"LZ_SOUTH","05","Tuesday",19,1.12606974964469
"LZ_SOUTH","05","Tuesday",20,1.01550235049743
"LZ_SOUTH","05","Tuesday",21,1.0223417513939
"LZ_SOUTH","05","Tuesday",22,0.898515360227397
"LZ_SOUTH","05","Tuesday",23,0.760205531868372
"LZ_SOUTH","05","Tuesday",24,0.656897343391276
"LZ_SOUTH","05","Wednesday",1,0.539872842395279
"LZ_SOUTH","05","Wednesday",2,0.493714984770233
"LZ_SOUTH","05","Wednesday",3,0.464668313916824
"LZ_SOUTH","05","Wednesday",4,0.454065965376379
"LZ_SOUTH","05","Wednesday",5,0.487849188388389
"LZ_SOUTH","05","Wednesday",6,0.54028062503145
"LZ_SOUTH","05","Wednesday",7,0.646790312809799
"LZ_SOUTH","05","Wednesday",8,0.644970974894574
"LZ_SOUTH","05","Wednesday",9,0.67260609046893
"LZ_SOUTH","05","Wednesday",10,0.725068895007081
"LZ_SOUTH","05","Wednesday",11,0.802626015617291
"LZ_SOUTH","05","Wednesday",12,0.937978482930964
"LZ_SOUTH","05","Wednesday",13,1.10090333002881
"LZ_SOUTH","05","Wednesday",14,1.38479846454154
"LZ_SOUTH","05","Wednesday",15,1.80536351796171
"LZ_SOUTH","05","Wednesday",16,2.35527408678582
"LZ_SOUTH","05","Wednesday",17,2.80407024578706
"LZ_SOUTH","05","Wednesday",18,2.01027429263763
"LZ_SOUTH","05","Wednesday",19,1.12101015078155
"LZ_SOUTH","05","Wednesday",20,0.939186146891932
"LZ_SOUTH","05","Wednesday",21,0.937649120032518
"LZ_SOUTH","05","Wednesday",22,0.806405846975645
"LZ_SOUTH","05","Wednesday",23,0.710702399055826
"LZ_SOUTH","05","Wednesday",24,0.613869706912765
"LZ_SOUTH","06","Friday",1,0.595442459614146
"LZ_SOUTH","06","Friday",2,0.556690792927352
"LZ_SOUTH","06","Friday",3,0.526702151615399
"LZ_SOUTH","06","Friday",4,0.514341853178124
"LZ_SOUTH","06","Friday",5,0.521280668990497
"LZ_SOUTH","06","Friday",6,0.553468590989911
"LZ_SOUTH","06","Friday",7,0.604819237738975
"LZ_SOUTH","06","Friday",8,0.618509333801225
"LZ_SOUTH","06","Friday",9,0.670030467425286
"LZ_SOUTH","06","Friday",10,0.753023478173773
"LZ_SOUTH","06","Friday",11,0.880684050171446
"LZ_SOUTH","06","Friday",12,0.989761552794458
"LZ_SOUTH","06","Friday",13,1.19332288154075
"LZ_SOUTH","06","Friday",14,1.49479482259775
"LZ_SOUTH","06","Friday",15,1.94416412771456
"LZ_SOUTH","06","Friday",16,2.46556413751755
"LZ_SOUTH","06","Friday",17,2.30484616045798
"LZ_SOUTH","06","Friday",18,1.47445573841062
"LZ_SOUTH","06","Friday",19,1.12777067810444
"LZ_SOUTH","06","Friday",20,0.987562272106998
"LZ_SOUTH","06","Friday",21,0.910468107233403
"LZ_SOUTH","06","Friday",22,0.826827246359928
"LZ_SOUTH","06","Friday",23,0.778272584360813
"LZ_SOUTH","06","Friday",24,0.707196606174608
"LZ_SOUTH","06","Monday",1,0.636302438058082
"LZ_SOUTH","06","Monday",2,0.60253928709926
"LZ_SOUTH","06","Monday",3,0.568151638718169
"LZ_SOUTH","06","Monday",4,0.560879265510451
"LZ_SOUTH","06","Monday",5,0.573248343487012
"LZ_SOUTH","06","Monday",6,0.610698043745037
"LZ_SOUTH","06","Monday",7,0.656709402211594
"LZ_SOUTH","06","Monday",8,0.672684449174807
"LZ_SOUTH","06","Monday",9,0.728748201632087
"LZ_SOUTH","06","Monday",10,0.799054524332736
"LZ_SOUTH","06","Monday",11,0.934771915746568
"LZ_SOUTH","06","Monday",12,1.07330961809968
"LZ_SOUTH","06","Monday",13,1.23569909296786
"LZ_SOUTH","06","Monday",14,1.4709130253039
"LZ_SOUTH","06","Monday",15,1.72373375593231
"LZ_SOUTH","06","Monday",16,2.06694545216467
"LZ_SOUTH","06","Monday",17,2.07119606365173
"LZ_SOUTH","06","Monday",18,1.39053416353439
"LZ_SOUTH","06","Monday",19,1.15314456275947
"LZ_SOUTH","06","Monday",20,1.05497759699435
"LZ_SOUTH","06","Monday",21,0.986423896091687
"LZ_SOUTH","06","Monday",22,0.882616308448006
"LZ_SOUTH","06","Monday",23,0.809489674808076
"LZ_SOUTH","06","Monday",24,0.737229279528068
"LZ_SOUTH","06","Saturday",1,0.688952374424814
"LZ_SOUTH","06","Saturday",2,0.629472588891
"LZ_SOUTH","06","Saturday",3,0.589152696560254
"LZ_SOUTH","06","Saturday",4,0.57167513544331
"LZ_SOUTH","06","Saturday",5,0.569076866999187
"LZ_SOUTH","06","Saturday",6,0.573207926899555
"LZ_SOUTH","06","Saturday",7,0.596629728054134
"LZ_SOUTH","06","Saturday",8,0.62175255387357
"LZ_SOUTH","06","Saturday",9,0.721496154001925
"LZ_SOUTH","06","Saturday",10,0.815145973462769
"LZ_SOUTH","06","Saturday",11,0.944835084724113
"LZ_SOUTH","06","Saturday",12,1.06310303037856
"LZ_SOUTH","06","Saturday",13,1.2398226697364
"LZ_SOUTH","06","Saturday",14,1.43936594772932
"LZ_SOUTH","06","Saturday",15,1.73168049398255
"LZ_SOUTH","06","Saturday",16,2.02128461631924
"LZ_SOUTH","06","Saturday",17,2.06513740603085
"LZ_SOUTH","06","Saturday",18,1.45385269624871
"LZ_SOUTH","06","Saturday",19,1.16836094123365
"LZ_SOUTH","06","Saturday",20,1.04067193589692
"LZ_SOUTH","06","Saturday",21,0.976649853730571
"LZ_SOUTH","06","Saturday",22,0.886626394544259
"LZ_SOUTH","06","Saturday",23,0.821370602181424
"LZ_SOUTH","06","Saturday",24,0.770676328652919
"LZ_SOUTH","06","Sunday",1,0.694250204638237
"LZ_SOUTH","06","Sunday",2,0.651481891348956
"LZ_SOUTH","06","Sunday",3,0.620285449854791
"LZ_SOUTH","06","Sunday",4,0.597907644111465
"LZ_SOUTH","06","Sunday",5,0.586066659018789
"LZ_SOUTH","06","Sunday",6,0.590807193260437
"LZ_SOUTH","06","Sunday",7,0.594284965105838
"LZ_SOUTH","06","Sunday",8,0.627758519117826
"LZ_SOUTH","06","Sunday",9,0.688164103908784
"LZ_SOUTH","06","Sunday",10,0.7964097525969
"LZ_SOUTH","06","Sunday",11,0.902109175469633
"LZ_SOUTH","06","Sunday",12,1.02888223964367
"LZ_SOUTH","06","Sunday",13,1.17397570907472
"LZ_SOUTH","06","Sunday",14,1.41501841959766
"LZ_SOUTH","06","Sunday",15,1.69410961019111
"LZ_SOUTH","06","Sunday",16,1.94823536718008
"LZ_SOUTH","06","Sunday",17,2.00843394174215
"LZ_SOUTH","06","Sunday",18,1.47674886985353
"LZ_SOUTH","06","Sunday",19,1.20192208997527
"LZ_SOUTH","06","Sunday",20,1.0920410604789
"LZ_SOUTH","06","Sunday",21,1.03167687773372
"LZ_SOUTH","06","Sunday",22,0.925729042586317
"LZ_SOUTH","06","Sunday",23,0.846299217760098
"LZ_SOUTH","06","Sunday",24,0.807401995751115
"LZ_SOUTH","06","Thursday",1,0.613071791012776
"LZ_SOUTH","06","Thursday",2,0.568829323456832
"LZ_SOUTH","06","Thursday",3,0.530556478091066
"LZ_SOUTH","06","Thursday",4,0.503768849502461
"LZ_SOUTH","06","Thursday",5,0.512109504731556
"LZ_SOUTH","06","Thursday",6,0.550348718423011
"LZ_SOUTH","06","Thursday",7,0.630846130886068
"LZ_SOUTH","06","Thursday",8,0.643777509658596
"LZ_SOUTH","06","Thursday",9,0.718792959208983
"LZ_SOUTH","06","Thursday",10,0.789520370284734
"LZ_SOUTH","06","Thursday",11,0.934220649007235
"LZ_SOUTH","06","Thursday",12,1.11512542512538
"LZ_SOUTH","06","Thursday",13,1.27321111022361
"LZ_SOUTH","06","Thursday",14,1.55085739749696
"LZ_SOUTH","06","Thursday",15,1.88994875373627
"LZ_SOUTH","06","Thursday",16,2.27659529745114
"LZ_SOUTH","06","Thursday",17,2.16951204644534
"LZ_SOUTH","06","Thursday",18,1.39647119657293
"LZ_SOUTH","06","Thursday",19,1.09227270243115
"LZ_SOUTH","06","Thursday",20,1.00989191620668
"LZ_SOUTH","06","Thursday",21,0.941367379798294
"LZ_SOUTH","06","Thursday",22,0.844894922037575
"LZ_SOUTH","06","Thursday",23,0.756258644391288
"LZ_SOUTH","06","Thursday",24,0.687750923820054
"LZ_SOUTH","06","Tuesday",1,0.639103911769774
"LZ_SOUTH","06","Tuesday",2,0.603453386179562
"LZ_SOUTH","06","Tuesday",3,0.571773220747889
"LZ_SOUTH","06","Tuesday",4,0.560627261761158
"LZ_SOUTH","06","Tuesday",5,0.571152851973117
"LZ_SOUTH","06","Tuesday",6,0.608188867826986
"LZ_SOUTH","06","Tuesday",7,0.647623642943305
"LZ_SOUTH","06","Tuesday",8,0.668840255040496
"LZ_SOUTH","06","Tuesday",9,0.720186110632432
"LZ_SOUTH","06","Tuesday",10,0.799841461313114
"LZ_SOUTH","06","Tuesday",11,0.941450973634327
"LZ_SOUTH","06","Tuesday",12,1.07125280027572
"LZ_SOUTH","06","Tuesday",13,1.22595209374461
"LZ_SOUTH","06","Tuesday",14,1.48551438910908
"LZ_SOUTH","06","Tuesday",15,1.7786386351887
"LZ_SOUTH","06","Tuesday",16,2.10298810959848
"LZ_SOUTH","06","Tuesday",17,2.04638979838015
"LZ_SOUTH","06","Tuesday",18,1.38619334826814
"LZ_SOUTH","06","Tuesday",19,1.12981561261417
"LZ_SOUTH","06","Tuesday",20,1.01374461485439
"LZ_SOUTH","06","Tuesday",21,0.963019128037222
"LZ_SOUTH","06","Tuesday",22,0.900775460968465
"LZ_SOUTH","06","Tuesday",23,0.818804066861968
"LZ_SOUTH","06","Tuesday",24,0.744669998276754
"LZ_SOUTH","06","Wednesday",1,0.637198968997348
"LZ_SOUTH","06","Wednesday",2,0.592962306599213
"LZ_SOUTH","06","Wednesday",3,0.553969617728376
"LZ_SOUTH","06","Wednesday",4,0.535241140845169
"LZ_SOUTH","06","Wednesday",5,0.539885803112205
"LZ_SOUTH","06","Wednesday",6,0.57811062443083
"LZ_SOUTH","06","Wednesday",7,0.627497617971846
"LZ_SOUTH","06","Wednesday",8,0.644615445843097
"LZ_SOUTH","06","Wednesday",9,0.706700346710928
"LZ_SOUTH","06","Wednesday",10,0.779629035694136
"LZ_SOUTH","06","Wednesday",11,0.944214890543758
"LZ_SOUTH","06","Wednesday",12,1.06400222868875
"LZ_SOUTH","06","Wednesday",13,1.2068068649232
"LZ_SOUTH","06","Wednesday",14,1.49013126321236
"LZ_SOUTH","06","Wednesday",15,1.76776220452901
"LZ_SOUTH","06","Wednesday",16,2.1922431330869
"LZ_SOUTH","06","Wednesday",17,2.25764297436306
"LZ_SOUTH","06","Wednesday",18,1.46179507768806
"LZ_SOUTH","06","Wednesday",19,1.14352334153485
"LZ_SOUTH","06","Wednesday",20,1.00242299669676
"LZ_SOUTH","06","Wednesday",21,0.932191208384739
"LZ_SOUTH","06","Wednesday",22,0.856059949854503
"LZ_SOUTH","06","Wednesday",23,0.781071128414143
"LZ_SOUTH","06","Wednesday",24,0.704321830146761
"LZ_SOUTH","07","Friday",1,0.492772788838843
"LZ_SOUTH","07","Friday",2,0.461908556422733
"LZ_SOUTH","07","Friday",3,0.443899397371341
"LZ_SOUTH","07","Friday",4,0.430577140801106
"LZ_SOUTH","07","Friday",5,0.42783432327194
"LZ_SOUTH","07","Friday",6,0.452625174016325
"LZ_SOUTH","07","Friday",7,0.483579828988341
"LZ_SOUTH","07","Friday",8,0.498529691564894
"LZ_SOUTH","07","Friday",9,0.53976237705829
"LZ_SOUTH","07","Friday",10,0.615837887427686
"LZ_SOUTH","07","Friday",11,0.734668196314904
"LZ_SOUTH","07","Friday",12,0.876013721622859
"LZ_SOUTH","07","Friday",13,1.02487938949704
"LZ_SOUTH","07","Friday",14,1.36892214429556
"LZ_SOUTH","07","Friday",15,1.86250873613756
"LZ_SOUTH","07","Friday",16,3.17007917625052
"LZ_SOUTH","07","Friday",17,3.799661292176
"LZ_SOUTH","07","Friday",18,1.76592237600336
"LZ_SOUTH","07","Friday",19,0.992824593428164
"LZ_SOUTH","07","Friday",20,0.873707946447241
"LZ_SOUTH","07","Friday",21,0.785455531882428
"LZ_SOUTH","07","Friday",22,0.703758752620841
"LZ_SOUTH","07","Friday",23,0.626809157544349
"LZ_SOUTH","07","Friday",24,0.56746182001767
"LZ_SOUTH","07","Monday",1,0.427297043385325
"LZ_SOUTH","07","Monday",2,0.398348593805216
"LZ_SOUTH","07","Monday",3,0.379501647671282
"LZ_SOUTH","07","Monday",4,0.362999077763764
"LZ_SOUTH","07","Monday",5,0.366262817216226
"LZ_SOUTH","07","Monday",6,0.387212806729739
"LZ_SOUTH","07","Monday",7,0.418011474802265
"LZ_SOUTH","07","Monday",8,0.431284781378298
"LZ_SOUTH","07","Monday",9,0.47280552307458
"LZ_SOUTH","07","Monday",10,0.523324532345784
"LZ_SOUTH","07","Monday",11,0.612468289151227
"LZ_SOUTH","07","Monday",12,0.724251365398041
"LZ_SOUTH","07","Monday",13,0.884795168746247
"LZ_SOUTH","07","Monday",14,1.17145262262725
"LZ_SOUTH","07","Monday",15,2.11045574558921
"LZ_SOUTH","07","Monday",16,3.80728997578053
"LZ_SOUTH","07","Monday",17,4.12227530906406
"LZ_SOUTH","07","Monday",18,2.44032327109436
"LZ_SOUTH","07","Monday",19,0.929568157854666
"LZ_SOUTH","07","Monday",20,0.740524094499048
"LZ_SOUTH","07","Monday",21,0.682983448588921
"LZ_SOUTH","07","Monday",22,0.61051464229588
"LZ_SOUTH","07","Monday",23,0.522807390531133
"LZ_SOUTH","07","Monday",24,0.473242220606952
"LZ_SOUTH","07","Saturday",1,0.4851943611644
"LZ_SOUTH","07","Saturday",2,0.444281633295737
"LZ_SOUTH","07","Saturday",3,0.422225007149766
"LZ_SOUTH","07","Saturday",4,0.400669667961658
"LZ_SOUTH","07","Saturday",5,0.391029534156601
"LZ_SOUTH","07","Saturday",6,0.395798187012169
"LZ_SOUTH","07","Saturday",7,0.415952493420609
"LZ_SOUTH","07","Saturday",8,0.43479574163156
"LZ_SOUTH","07","Saturday",9,0.480104370515329
"LZ_SOUTH","07","Saturday",10,0.539500448266222
"LZ_SOUTH","07","Saturday",11,0.635619009058512
"LZ_SOUTH","07","Saturday",12,0.756017853527807
"LZ_SOUTH","07","Saturday",13,0.919193185068075
"LZ_SOUTH","07","Saturday",14,1.1589111790205
"LZ_SOUTH","07","Saturday",15,1.93990340585927
"LZ_SOUTH","07","Saturday",16,3.61909903309458
"LZ_SOUTH","07","Saturday",17,3.93631084932792
"LZ_SOUTH","07","Saturday",18,2.41316970812888
"LZ_SOUTH","07","Saturday",19,1.01595442144737
"LZ_SOUTH","07","Saturday",20,0.771236411428057
"LZ_SOUTH","07","Saturday",21,0.704732341684903
"LZ_SOUTH","07","Saturday",22,0.641248847200666
"LZ_SOUTH","07","Saturday",23,0.56444911455371
"LZ_SOUTH","07","Saturday",24,0.514603196025694
"LZ_SOUTH","07","Sunday",1,0.487213112354952
"LZ_SOUTH","07","Sunday",2,0.450897922852697
"LZ_SOUTH","07","Sunday",3,0.427001399190591
"LZ_SOUTH","07","Sunday",4,0.402389861434659
"LZ_SOUTH","07","Sunday",5,0.392981781252728
"LZ_SOUTH","07","Sunday",6,0.389080564003953
"LZ_SOUTH","07","Sunday",7,0.402176611617202
"LZ_SOUTH","07","Sunday",8,0.421557256791981
"LZ_SOUTH","07","Sunday",9,0.46656551238234
"LZ_SOUTH","07","Sunday",10,0.52612493198742
"LZ_SOUTH","07","Sunday",11,0.610571859700436
"LZ_SOUTH","07","Sunday",12,0.716243416303889
"LZ_SOUTH","07","Sunday",13,0.858731926685967
"LZ_SOUTH","07","Sunday",14,1.07224517038817
"LZ_SOUTH","07","Sunday",15,1.63343088118692
"LZ_SOUTH","07","Sunday",16,3.38520286695563
"LZ_SOUTH","07","Sunday",17,4.04065754117734
"LZ_SOUTH","07","Sunday",18,2.76701673436129
"LZ_SOUTH","07","Sunday",19,1.2021770297541
"LZ_SOUTH","07","Sunday",20,0.821902428800433
"LZ_SOUTH","07","Sunday",21,0.739362205337622
"LZ_SOUTH","07","Sunday",22,0.683503297270768
"LZ_SOUTH","07","Sunday",23,0.582172001657913
"LZ_SOUTH","07","Sunday",24,0.520793686550993
"LZ_SOUTH","07","Thursday",1,0.418951398248933
"LZ_SOUTH","07","Thursday",2,0.392964015902321
"LZ_SOUTH","07","Thursday",3,0.374723918041885
"LZ_SOUTH","07","Thursday",4,0.362477771862859
"LZ_SOUTH","07","Thursday",5,0.36311658303979
"LZ_SOUTH","07","Thursday",6,0.383055646796317
"LZ_SOUTH","07","Thursday",7,0.414330211011564
"LZ_SOUTH","07","Thursday",8,0.424510414660943
"LZ_SOUTH","07","Thursday",9,0.45931882794006
"LZ_SOUTH","07","Thursday",10,0.522941702816885
"LZ_SOUTH","07","Thursday",11,0.611913148863392
"LZ_SOUTH","07","Thursday",12,0.721584795387874
"LZ_SOUTH","07","Thursday",13,0.868022063903771
"LZ_SOUTH","07","Thursday",14,1.10748111316246
"LZ_SOUTH","07","Thursday",15,1.76722354993261
"LZ_SOUTH","07","Thursday",16,3.36749991505171
"LZ_SOUTH","07","Thursday",17,4.91050074188177
"LZ_SOUTH","07","Thursday",18,2.54676346996795
"LZ_SOUTH","07","Thursday",19,0.926452899002141
"LZ_SOUTH","07","Thursday",20,0.750249747986725
"LZ_SOUTH","07","Thursday",21,0.683541551042599
"LZ_SOUTH","07","Thursday",22,0.625246633215916
"LZ_SOUTH","07","Thursday",23,0.525361030252919
"LZ_SOUTH","07","Thursday",24,0.471768850026617
"LZ_SOUTH","07","Tuesday",1,0.477653851650708
"LZ_SOUTH","07","Tuesday",2,0.449829355438045
"LZ_SOUTH","07","Tuesday",3,0.426683435758182
"LZ_SOUTH","07","Tuesday",4,0.41436272688295
"LZ_SOUTH","07","Tuesday",5,0.415830784621981
"LZ_SOUTH","07","Tuesday",6,0.436630555952551
"LZ_SOUTH","07","Tuesday",7,0.473359439759897
"LZ_SOUTH","07","Tuesday",8,0.483224238959554
"LZ_SOUTH","07","Tuesday",9,0.525523510075747
"LZ_SOUTH","07","Tuesday",10,0.587524939259683
"LZ_SOUTH","07","Tuesday",11,0.675430041446334
"LZ_SOUTH","07","Tuesday",12,0.796057739031013
"LZ_SOUTH","07","Tuesday",13,0.967477490353008
"LZ_SOUTH","07","Tuesday",14,1.2963773045591
"LZ_SOUTH","07","Tuesday",15,1.92266171216236
"LZ_SOUTH","07","Tuesday",16,2.98461626411319
"LZ_SOUTH","07","Tuesday",17,3.98015149349721
"LZ_SOUTH","07","Tuesday",18,2.21372130913249
"LZ_SOUTH","07","Tuesday",19,1.04439273974561
"LZ_SOUTH","07","Tuesday",20,0.846589109618408
"LZ_SOUTH","07","Tuesday",21,0.767190510218665
"LZ_SOUTH","07","Tuesday",22,0.682043161354866
"LZ_SOUTH","07","Tuesday",23,0.592409318279263
"LZ_SOUTH","07","Tuesday",24,0.540258968129198
"LZ_SOUTH","07","Wednesday",1,0.388910577161258
"LZ_SOUTH","07","Wednesday",2,0.36546346296755
"LZ_SOUTH","07","Wednesday",3,0.344085211790934
"LZ_SOUTH","07","Wednesday",4,0.329246470151102
"LZ_SOUTH","07","Wednesday",5,0.332861035422343
"LZ_SOUTH","07","Wednesday",6,0.357188010899183
"LZ_SOUTH","07","Wednesday",7,0.387578895219222
"LZ_SOUTH","07","Wednesday",8,0.397542729749814
"LZ_SOUTH","07","Wednesday",9,0.432047560069358
"LZ_SOUTH","07","Wednesday",10,0.478264057468417
"LZ_SOUTH","07","Wednesday",11,0.560733217735943
"LZ_SOUTH","07","Wednesday",12,0.668635125092891
"LZ_SOUTH","07","Wednesday",13,0.811386673272232
"LZ_SOUTH","07","Wednesday",14,1.12669804310131
"LZ_SOUTH","07","Wednesday",15,1.89474560317067
"LZ_SOUTH","07","Wednesday",16,3.94485806291801
"LZ_SOUTH","07","Wednesday",17,4.35308991825613
"LZ_SOUTH","07","Wednesday",18,3.16292296259599
"LZ_SOUTH","07","Wednesday",19,0.912154570225415
"LZ_SOUTH","07","Wednesday",20,0.67837304929403
"LZ_SOUTH","07","Wednesday",21,0.614678226405747
"LZ_SOUTH","07","Wednesday",22,0.552362645528858
"LZ_SOUTH","07","Wednesday",23,0.475029972752044
"LZ_SOUTH","07","Wednesday",24,0.431143918751548
"LZ_SOUTH","08","Friday",1,0.290748567953694
"LZ_SOUTH","08","Friday",2,0.273648739230829
"LZ_SOUTH","08","Friday",3,0.262898069190815
"LZ_SOUTH","08","Friday",4,0.25714092665542
"LZ_SOUTH","08","Friday",5,0.257046547269594
"LZ_SOUTH","08","Friday",6,0.267230940994652
"LZ_SOUTH","08","Friday",7,0.291786741197782
"LZ_SOUTH","08","Friday",8,0.30083000234876
"LZ_SOUTH","08","Friday",9,0.323094957459564
"LZ_SOUTH","08","Friday",10,0.357895210996914
"LZ_SOUTH","08","Friday",11,0.423892141521889
"LZ_SOUTH","08","Friday",12,0.495714854135587
"LZ_SOUTH","08","Friday",13,0.63049719703949
"LZ_SOUTH","08","Friday",14,1.5522663386268
"LZ_SOUTH","08","Friday",15,3.45369350508952
"LZ_SOUTH","08","Friday",16,4.81584544088579
"LZ_SOUTH","08","Friday",17,4.77548538352887
"LZ_SOUTH","08","Friday",18,2.27667960450747
"LZ_SOUTH","08","Friday",19,0.659626107483105
"LZ_SOUTH","08","Friday",20,0.494796800109823
"LZ_SOUTH","08","Friday",21,0.449752093238253
"LZ_SOUTH","08","Friday",22,0.401755885573575
"LZ_SOUTH","08","Friday",23,0.360898191455019
"LZ_SOUTH","08","Friday",24,0.326775753506784
"LZ_SOUTH","08","Monday",1,0.264692147534264
"LZ_SOUTH","08","Monday",2,0.245572320297891
"LZ_SOUTH","08","Monday",3,0.233018815981859
"LZ_SOUTH","08","Monday",4,0.229013766846595
"LZ_SOUTH","08","Monday",5,0.233181954439507
"LZ_SOUTH","08","Monday",6,0.243500461885758
"LZ_SOUTH","08","Monday",7,0.283714091696049
"LZ_SOUTH","08","Monday",8,0.289277113101854
"LZ_SOUTH","08","Monday",9,0.304391891202963
"LZ_SOUTH","08","Monday",10,0.344540265630194
"LZ_SOUTH","08","Monday",11,0.39880827356688
"LZ_SOUTH","08","Monday",12,0.458973736747549
"LZ_SOUTH","08","Monday",13,0.578929444656298
"LZ_SOUTH","08","Monday",14,1.09995289377035
"LZ_SOUTH","08","Monday",15,2.82659401567353
"LZ_SOUTH","08","Monday",16,5.68272424910427
"LZ_SOUTH","08","Monday",17,5.03052116619526
"LZ_SOUTH","08","Monday",18,2.46175932591189
"LZ_SOUTH","08","Monday",19,0.686144039022719
"LZ_SOUTH","08","Monday",20,0.522850599839716
"LZ_SOUTH","08","Monday",21,0.504595406428879
"LZ_SOUTH","08","Monday",22,0.447929263164764
"LZ_SOUTH","08","Monday",23,0.334654075096711
"LZ_SOUTH","08","Monday",24,0.294660682204245
"LZ_SOUTH","08","Saturday",1,0.550927882662686
"LZ_SOUTH","08","Saturday",2,0.511837436524414
"LZ_SOUTH","08","Saturday",3,0.488102773236239
"LZ_SOUTH","08","Saturday",4,0.471279036923565
"LZ_SOUTH","08","Saturday",5,0.465093839749788
"LZ_SOUTH","08","Saturday",6,0.47230165618963
"LZ_SOUTH","08","Saturday",7,0.498625855361226
"LZ_SOUTH","08","Saturday",8,0.510336495343577
"LZ_SOUTH","08","Saturday",9,0.560197431493787
"LZ_SOUTH","08","Saturday",10,0.630164381923555
"LZ_SOUTH","08","Saturday",11,0.694754334276919
"LZ_SOUTH","08","Saturday",12,0.841929039294558
"LZ_SOUTH","08","Saturday",13,1.04729407932309
"LZ_SOUTH","08","Saturday",14,1.44817732547951
"LZ_SOUTH","08","Saturday",15,1.96141674002998
"LZ_SOUTH","08","Saturday",16,3.06728051312396
"LZ_SOUTH","08","Saturday",17,3.5450746244039
"LZ_SOUTH","08","Saturday",18,1.70322186920782
"LZ_SOUTH","08","Saturday",19,0.991132488985195
"LZ_SOUTH","08","Saturday",20,0.844452599741459
"LZ_SOUTH","08","Saturday",21,0.788175552389651
"LZ_SOUTH","08","Saturday",22,0.696535671062967
"LZ_SOUTH","08","Saturday",23,0.629702553867913
"LZ_SOUTH","08","Saturday",24,0.581985819404613
"LZ_SOUTH","08","Sunday",1,0.569276800656387
"LZ_SOUTH","08","Sunday",2,0.521464670356827
"LZ_SOUTH","08","Sunday",3,0.494415938587813
"LZ_SOUTH","08","Sunday",4,0.478357457134618
"LZ_SOUTH","08","Sunday",5,0.472726089204198
"LZ_SOUTH","08","Sunday",6,0.472162952411156
"LZ_SOUTH","08","Sunday",7,0.496123514669941
"LZ_SOUTH","08","Sunday",8,0.502209025175394
"LZ_SOUTH","08","Sunday",9,0.55118376046704
"LZ_SOUTH","08","Sunday",10,0.611384900213523
"LZ_SOUTH","08","Sunday",11,0.67930646373558
"LZ_SOUTH","08","Sunday",12,0.797183710511357
"LZ_SOUTH","08","Sunday",13,0.945125195754372
"LZ_SOUTH","08","Sunday",14,1.35136481197362
"LZ_SOUTH","08","Sunday",15,1.8614940836576
"LZ_SOUTH","08","Sunday",16,2.87657540167018
"LZ_SOUTH","08","Sunday",17,3.57490135644818
"LZ_SOUTH","08","Sunday",18,1.85464561362609
"LZ_SOUTH","08","Sunday",19,1.07115884317776
"LZ_SOUTH","08","Sunday",20,0.91527894572315
"LZ_SOUTH","08","Sunday",21,0.869501374159741
"LZ_SOUTH","08","Sunday",22,0.780525760859117
"LZ_SOUTH","08","Sunday",23,0.654437616326728
"LZ_SOUTH","08","Sunday",24,0.599195713499615
"LZ_SOUTH","08","Thursday",1,0.400046719198603
"LZ_SOUTH","08","Thursday",2,0.379718435341444
"LZ_SOUTH","08","Thursday",3,0.365333268143754
"LZ_SOUTH","08","Thursday",4,0.356076347862461
"LZ_SOUTH","08","Thursday",5,0.357640897769158
"LZ_SOUTH","08","Thursday",6,0.372645365971583
"LZ_SOUTH","08","Thursday",7,0.404512205390635
"LZ_SOUTH","08","Thursday",8,0.412628308031628
"LZ_SOUTH","08","Thursday",9,0.442724163875738
"LZ_SOUTH","08","Thursday",10,0.490269097151487
"LZ_SOUTH","08","Thursday",11,0.56423753996257
"LZ_SOUTH","08","Thursday",12,0.685403238292359
"LZ_SOUTH","08","Thursday",13,0.845541440200784
"LZ_SOUTH","08","Thursday",14,1.39277536485793
"LZ_SOUTH","08","Thursday",15,2.55651800726321
"LZ_SOUTH","08","Thursday",16,4.31700605991466
"LZ_SOUTH","08","Thursday",17,4.34526574260438
"LZ_SOUTH","08","Thursday",18,1.68020708556404
"LZ_SOUTH","08","Thursday",19,0.817183973141893
"LZ_SOUTH","08","Thursday",20,0.684718747708179
"LZ_SOUTH","08","Thursday",21,0.641269893007603
"LZ_SOUTH","08","Thursday",22,0.572875159239129
"LZ_SOUTH","08","Thursday",23,0.477796157617538
"LZ_SOUTH","08","Thursday",24,0.437606781889248
"LZ_SOUTH","08","Tuesday",1,0.267498386265907
"LZ_SOUTH","08","Tuesday",2,0.25042638643001
"LZ_SOUTH","08","Tuesday",3,0.237666059110807
"LZ_SOUTH","08","Tuesday",4,0.231131056382926
"LZ_SOUTH","08","Tuesday",5,0.23379111217131
"LZ_SOUTH","08","Tuesday",6,0.25037874363977
"LZ_SOUTH","08","Tuesday",7,0.278400644765761
"LZ_SOUTH","08","Tuesday",8,0.284983290283882
"LZ_SOUTH","08","Tuesday",9,0.302396730116497
"LZ_SOUTH","08","Tuesday",10,0.33160970099848
"LZ_SOUTH","08","Tuesday",11,0.383310068873609
"LZ_SOUTH","08","Tuesday",12,0.449660594747449
"LZ_SOUTH","08","Tuesday",13,0.673645232594418
"LZ_SOUTH","08","Tuesday",14,1.66454380539508
"LZ_SOUTH","08","Tuesday",15,3.15026833809044
"LZ_SOUTH","08","Tuesday",16,5.05861618207222
"LZ_SOUTH","08","Tuesday",17,4.92027740014617
"LZ_SOUTH","08","Tuesday",18,2.28783060870612
"LZ_SOUTH","08","Tuesday",19,0.697149009112676
"LZ_SOUTH","08","Tuesday",20,0.503457245393124
"LZ_SOUTH","08","Tuesday",21,0.473227894986026
"LZ_SOUTH","08","Tuesday",22,0.425998008928391
"LZ_SOUTH","08","Tuesday",23,0.339105499996195
"LZ_SOUTH","08","Tuesday",24,0.304628000792723
"LZ_SOUTH","08","Wednesday",1,0.283091436581661
"LZ_SOUTH","08","Wednesday",2,0.265934143170077
"LZ_SOUTH","08","Wednesday",3,0.256578459279737
"LZ_SOUTH","08","Wednesday",4,0.250846345777642
"LZ_SOUTH","08","Wednesday",5,0.252236422348995
"LZ_SOUTH","08","Wednesday",6,0.26476273032905
"LZ_SOUTH","08","Wednesday",7,0.29155684671282
"LZ_SOUTH","08","Wednesday",8,0.298218281068797
"LZ_SOUTH","08","Wednesday",9,0.320318936669517
"LZ_SOUTH","08","Wednesday",10,0.3535870613547
"LZ_SOUTH","08","Wednesday",11,0.408096805557183
"LZ_SOUTH","08","Wednesday",12,0.482661137598057
"LZ_SOUTH","08","Wednesday",13,0.656459756111847
"LZ_SOUTH","08","Wednesday",14,1.37214614546605
"LZ_SOUTH","08","Wednesday",15,3.48614023373591
"LZ_SOUTH","08","Wednesday",16,5.3744499240534
"LZ_SOUTH","08","Wednesday",17,4.65739688638467
"LZ_SOUTH","08","Wednesday",18,2.02224122514164
"LZ_SOUTH","08","Wednesday",19,0.647377401884413
"LZ_SOUTH","08","Wednesday",20,0.508588408479467
"LZ_SOUTH","08","Wednesday",21,0.469877118792976
"LZ_SOUTH","08","Wednesday",22,0.414617670372236
"LZ_SOUTH","08","Wednesday",23,0.347480095743476
"LZ_SOUTH","08","Wednesday",24,0.31533652738568
"LZ_SOUTH","09","Friday",1,0.329529274287025
"LZ_SOUTH","09","Friday",2,0.303223666221989
"LZ_SOUTH","09","Friday",3,0.283546466227977
"LZ_SOUTH","09","Friday",4,0.279631828651081
"LZ_SOUTH","09","Friday",5,0.286827575501366
"LZ_SOUTH","09","Friday",6,0.312594211726105
"LZ_SOUTH","09","Friday",7,0.370528956734902
"LZ_SOUTH","09","Friday",8,0.371219218916336
"LZ_SOUTH","09","Friday",9,0.377128997866964
"LZ_SOUTH","09","Friday",10,0.419547027262992
"LZ_SOUTH","09","Friday",11,0.472073142576175
"LZ_SOUTH","09","Friday",12,0.531180387728777
"LZ_SOUTH","09","Friday",13,0.600896868053547
"LZ_SOUTH","09","Friday",14,1.08391019342313
"LZ_SOUTH","09","Friday",15,2.69442424175566
"LZ_SOUTH","09","Friday",16,4.69130545441078
"LZ_SOUTH","09","Friday",17,5.11128744140454
"LZ_SOUTH","09","Friday",18,2.48759143413
"LZ_SOUTH","09","Friday",19,0.793489472319777
"LZ_SOUTH","09","Friday",20,0.519294640303274
"LZ_SOUTH","09","Friday",21,0.488762358332749
"LZ_SOUTH","09","Friday",22,0.443630558442592
"LZ_SOUTH","09","Friday",23,0.385317587580954
"LZ_SOUTH","09","Friday",24,0.363058996141308
"LZ_SOUTH","09","Monday",1,0.599573292294778
"LZ_SOUTH","09","Monday",2,0.564597250883145
"LZ_SOUTH","09","Monday",3,0.535030837209845
"LZ_SOUTH","09","Monday",4,0.527326781154909
"LZ_SOUTH","09","Monday",5,0.53519872220862
"LZ_SOUTH","09","Monday",6,0.568421298077484
"LZ_SOUTH","09","Monday",7,0.658929966306413
"LZ_SOUTH","09","Monday",8,0.659228428526459
"LZ_SOUTH","09","Monday",9,0.698177748242454
"LZ_SOUTH","09","Monday",10,0.742350156809252
"LZ_SOUTH","09","Monday",11,0.831795553379268
"LZ_SOUTH","09","Monday",12,0.958492765788768
"LZ_SOUTH","09","Monday",13,1.12324391125412
"LZ_SOUTH","09","Monday",14,1.58005899292318
"LZ_SOUTH","09","Monday",15,1.91338533104823
"LZ_SOUTH","09","Monday",16,2.40166952304338
"LZ_SOUTH","09","Monday",17,2.41392512795402
"LZ_SOUTH","09","Monday",18,1.46065545101605
"LZ_SOUTH","09","Monday",19,1.1081715691418
"LZ_SOUTH","09","Monday",20,1.02870600305457
"LZ_SOUTH","09","Monday",21,0.925512690473692
"LZ_SOUTH","09","Monday",22,0.794748930316067
"LZ_SOUTH","09","Monday",23,0.717745677544215
"LZ_SOUTH","09","Monday",24,0.653053991349259
"LZ_SOUTH","09","Saturday",1,0.732306180606616
"LZ_SOUTH","09","Saturday",2,0.680311918621468
"LZ_SOUTH","09","Saturday",3,0.648077085920149
"LZ_SOUTH","09","Saturday",4,0.634756574529217
"LZ_SOUTH","09","Saturday",5,0.630933467030309
"LZ_SOUTH","09","Saturday",6,0.634676088055556
"LZ_SOUTH","09","Saturday",7,0.699125631839778
"LZ_SOUTH","09","Saturday",8,0.706812090074425
"LZ_SOUTH","09","Saturday",9,0.754540568955529
"LZ_SOUTH","09","Saturday",10,0.835731299261285
"LZ_SOUTH","09","Saturday",11,0.939176539534369
"LZ_SOUTH","09","Saturday",12,1.06002697973669
"LZ_SOUTH","09","Saturday",13,1.19075713458093
"LZ_SOUTH","09","Saturday",14,1.36040249944037
"LZ_SOUTH","09","Saturday",15,1.6037935957919
"LZ_SOUTH","09","Saturday",16,1.92716812534427
"LZ_SOUTH","09","Saturday",17,1.91435065441372
"LZ_SOUTH","09","Saturday",18,1.37623821313321
"LZ_SOUTH","09","Saturday",19,1.10900299895954
"LZ_SOUTH","09","Saturday",20,1.05545937235642
"LZ_SOUTH","09","Saturday",21,1.01664477043329
"LZ_SOUTH","09","Saturday",22,0.910100800924253
"LZ_SOUTH","09","Saturday",23,0.812671924557345
"LZ_SOUTH","09","Saturday",24,0.766935485899357
"LZ_SOUTH","09","Sunday",1,0.70513503960746
"LZ_SOUTH","09","Sunday",2,0.665255629249225
"LZ_SOUTH","09","Sunday",3,0.640984676798969
"LZ_SOUTH","09","Sunday",4,0.624537912967545
"LZ_SOUTH","09","Sunday",5,0.615935297419797
"LZ_SOUTH","09","Sunday",6,0.620086907707341
"LZ_SOUTH","09","Sunday",7,0.659307649125725
"LZ_SOUTH","09","Sunday",8,0.664297565336715
"LZ_SOUTH","09","Sunday",9,0.705853587541843
"LZ_SOUTH","09","Sunday",10,0.766031977046385
"LZ_SOUTH","09","Sunday",11,0.847726885252718
"LZ_SOUTH","09","Sunday",12,0.961197579890638
"LZ_SOUTH","09","Sunday",13,1.11360958063913
"LZ_SOUTH","09","Sunday",14,1.33101025011955
"LZ_SOUTH","09","Sunday",15,1.61339958833191
"LZ_SOUTH","09","Sunday",16,2.06155394307337
"LZ_SOUTH","09","Sunday",17,2.14059421585546
"LZ_SOUTH","09","Sunday",18,1.47493939330935
"LZ_SOUTH","09","Sunday",19,1.17494563070462
"LZ_SOUTH","09","Sunday",20,1.0903964904256
"LZ_SOUTH","09","Sunday",21,1.03430983221407
"LZ_SOUTH","09","Sunday",22,0.930439736366094
"LZ_SOUTH","09","Sunday",23,0.814194648314864
"LZ_SOUTH","09","Sunday",24,0.744255982701624
"LZ_SOUTH","09","Thursday",1,0.266290978723918
"LZ_SOUTH","09","Thursday",2,0.248942035279138
"LZ_SOUTH","09","Thursday",3,0.234798699768909
"LZ_SOUTH","09","Thursday",4,0.228741872716692
"LZ_SOUTH","09","Thursday",5,0.236804218300826
"LZ_SOUTH","09","Thursday",6,0.252880583721338
"LZ_SOUTH","09","Thursday",7,0.298532306769162
"LZ_SOUTH","09","Thursday",8,0.296977828549644
"LZ_SOUTH","09","Thursday",9,0.310364060678346
"LZ_SOUTH","09","Thursday",10,0.331079697883534
"LZ_SOUTH","09","Thursday",11,0.367114597127705
"LZ_SOUTH","09","Thursday",12,0.425846489235104
"LZ_SOUTH","09","Thursday",13,0.516723057892232
"LZ_SOUTH","09","Thursday",14,1.09552053877839
"LZ_SOUTH","09","Thursday",15,3.02648855048933
"LZ_SOUTH","09","Thursday",16,5.0122176887003
"LZ_SOUTH","09","Thursday",17,5.70445986244613
"LZ_SOUTH","09","Thursday",18,2.57047874036254
"LZ_SOUTH","09","Thursday",19,0.764658306759765
"LZ_SOUTH","09","Thursday",20,0.442969912523685
"LZ_SOUTH","09","Thursday",21,0.405928226867908
"LZ_SOUTH","09","Thursday",22,0.360687272676018
"LZ_SOUTH","09","Thursday",23,0.310267409182832
"LZ_SOUTH","09","Thursday",24,0.291227064566555
"LZ_SOUTH","09","Tuesday",1,0.551878577495476
"LZ_SOUTH","09","Tuesday",2,0.519138816056723
"LZ_SOUTH","09","Tuesday",3,0.489447911665866
"LZ_SOUTH","09","Tuesday",4,0.484980981572436
"LZ_SOUTH","09","Tuesday",5,0.493347612541083
"LZ_SOUTH","09","Tuesday",6,0.523304405627977
"LZ_SOUTH","09","Tuesday",7,0.614380146977363
"LZ_SOUTH","09","Tuesday",8,0.615337346283098
"LZ_SOUTH","09","Tuesday",9,0.631521104915248
"LZ_SOUTH","09","Tuesday",10,0.696185235791573
"LZ_SOUTH","09","Tuesday",11,0.76953506407179
"LZ_SOUTH","09","Tuesday",12,0.879134384578455
"LZ_SOUTH","09","Tuesday",13,1.02423870896266
"LZ_SOUTH","09","Tuesday",14,1.55371173233871
"LZ_SOUTH","09","Tuesday",15,2.05230621514827
"LZ_SOUTH","09","Tuesday",16,2.76481701687655
"LZ_SOUTH","09","Tuesday",17,2.94454004948484
"LZ_SOUTH","09","Tuesday",18,1.62543077661657
"LZ_SOUTH","09","Tuesday",19,0.985277152036634
"LZ_SOUTH","09","Tuesday",20,0.920435762029617
"LZ_SOUTH","09","Tuesday",21,0.847582259315337
"LZ_SOUTH","09","Tuesday",22,0.751614165958861
"LZ_SOUTH","09","Tuesday",23,0.660006647217401
"LZ_SOUTH","09","Tuesday",24,0.601847926437461
"LZ_SOUTH","09","Wednesday",1,0.515691325327432
"LZ_SOUTH","09","Wednesday",2,0.48441193461692
"LZ_SOUTH","09","Wednesday",3,0.464937667274133
"LZ_SOUTH","09","Wednesday",4,0.453249757897293
"LZ_SOUTH","09","Wednesday",5,0.462559897744747
"LZ_SOUTH","09","Wednesday",6,0.494609551823933
"LZ_SOUTH","09","Wednesday",7,0.571903806384814
"LZ_SOUTH","09","Wednesday",8,0.567081287902679
"LZ_SOUTH","09","Wednesday",9,0.591612501709371
"LZ_SOUTH","09","Wednesday",10,0.652597266681365
"LZ_SOUTH","09","Wednesday",11,0.717969183883634
"LZ_SOUTH","09","Wednesday",12,0.819794652251206
"LZ_SOUTH","09","Wednesday",13,0.94323772950918
"LZ_SOUTH","09","Wednesday",14,1.32731448792835
"LZ_SOUTH","09","Wednesday",15,1.88121757428437
"LZ_SOUTH","09","Wednesday",16,3.06018938431956
"LZ_SOUTH","09","Wednesday",17,3.96208406475794
"LZ_SOUTH","09","Wednesday",18,1.52167202967188
"LZ_SOUTH","09","Wednesday",19,0.929942313971629
"LZ_SOUTH","09","Wednesday",20,0.89223289861827
"LZ_SOUTH","09","Wednesday",21,0.807102051523921
"LZ_SOUTH","09","Wednesday",22,0.708759513171224
"LZ_SOUTH","09","Wednesday",23,0.606147036579138
"LZ_SOUTH","09","Wednesday",24,0.563682082167008
"LZ_SOUTH","10","Friday",1,0.711791261423174
"LZ_SOUTH","10","Friday",2,0.635337542351933
"LZ_SOUTH","10","Friday",3,0.600812934089891
"LZ_SOUTH","10","Friday",4,0.590241445513529
"LZ_SOUTH","10","Friday",5,0.607347630614942
"LZ_SOUTH","10","Friday",6,0.680299822879244
"LZ_SOUTH","10","Friday",7,0.880065272622855
"LZ_SOUTH","10","Friday",8,0.849309823789938
"LZ_SOUTH","10","Friday",9,0.858387030225759
"LZ_SOUTH","10","Friday",10,0.903059375412368
"LZ_SOUTH","10","Friday",11,0.97875480205408
"LZ_SOUTH","10","Friday",12,1.04514999507482
"LZ_SOUTH","10","Friday",13,1.11828060908724
"LZ_SOUTH","10","Friday",14,1.287379820872
"LZ_SOUTH","10","Friday",15,1.52450232412913
"LZ_SOUTH","10","Friday",16,1.93888683414769
"LZ_SOUTH","10","Friday",17,1.82110617766717
"LZ_SOUTH","10","Friday",18,1.20693391518648
"LZ_SOUTH","10","Friday",19,1.10906958634033
"LZ_SOUTH","10","Friday",20,1.12954348193759
"LZ_SOUTH","10","Friday",21,0.984375087119994
"LZ_SOUTH","10","Friday",22,0.902970164538306
"LZ_SOUTH","10","Friday",23,0.845094609990503
"LZ_SOUTH","10","Friday",24,0.791300452931042
"LZ_SOUTH","10","Monday",1,0.649561540173603
"LZ_SOUTH","10","Monday",2,0.589200979301135
"LZ_SOUTH","10","Monday",3,0.540182506120632
"LZ_SOUTH","10","Monday",4,0.563917204540396
"LZ_SOUTH","10","Monday",5,0.597053193857111
"LZ_SOUTH","10","Monday",6,0.663930558646784
"LZ_SOUTH","10","Monday",7,0.799038504340085
"LZ_SOUTH","10","Monday",8,0.80973959492544
"LZ_SOUTH","10","Monday",9,0.810790117961273
"LZ_SOUTH","10","Monday",10,0.852009793011351
"LZ_SOUTH","10","Monday",11,0.924798575561985
"LZ_SOUTH","10","Monday",12,1.01799243267305
"LZ_SOUTH","10","Monday",13,1.11757845537503
"LZ_SOUTH","10","Monday",14,1.36183396394391
"LZ_SOUTH","10","Monday",15,1.63181838415313
"LZ_SOUTH","10","Monday",16,1.99312708657912
"LZ_SOUTH","10","Monday",17,1.97179612730915
"LZ_SOUTH","10","Monday",18,1.36494992210105
"LZ_SOUTH","10","Monday",19,1.15685733363009
"LZ_SOUTH","10","Monday",20,1.10214110839083
"LZ_SOUTH","10","Monday",21,1.00875139105275
"LZ_SOUTH","10","Monday",22,0.940004451368796
"LZ_SOUTH","10","Monday",23,0.799590474070777
"LZ_SOUTH","10","Monday",24,0.733336300912531
"LZ_SOUTH","10","Saturday",1,0.692427944351529
"LZ_SOUTH","10","Saturday",2,0.600356012753511
"LZ_SOUTH","10","Saturday",3,0.559291700021117
"LZ_SOUTH","10","Saturday",4,0.533855335494247
"LZ_SOUTH","10","Saturday",5,0.5349151840162
"LZ_SOUTH","10","Saturday",6,0.557576672412866
"LZ_SOUTH","10","Saturday",7,0.654331207480604
"LZ_SOUTH","10","Saturday",8,0.688111470371212
"LZ_SOUTH","10","Saturday",9,0.756558414916244
"LZ_SOUTH","10","Saturday",10,0.828358334785272
"LZ_SOUTH","10","Saturday",11,0.882237179646733
"LZ_SOUTH","10","Saturday",12,0.977045447428703
"LZ_SOUTH","10","Saturday",13,1.04857558767396
"LZ_SOUTH","10","Saturday",14,1.18402422877954
"LZ_SOUTH","10","Saturday",15,1.47831525836618
"LZ_SOUTH","10","Saturday",16,2.27880921201065
"LZ_SOUTH","10","Saturday",17,2.47648059634143
"LZ_SOUTH","10","Saturday",18,1.68130515527985
"LZ_SOUTH","10","Saturday",19,1.18978595074434
"LZ_SOUTH","10","Saturday",20,1.10285910197108
"LZ_SOUTH","10","Saturday",21,0.961687278846949
"LZ_SOUTH","10","Saturday",22,0.868902358243253
"LZ_SOUTH","10","Saturday",23,0.768447988335243
"LZ_SOUTH","10","Saturday",24,0.695742379729273
"LZ_SOUTH","10","Sunday",1,0.775619171128819
"LZ_SOUTH","10","Sunday",2,0.687331877751379
"LZ_SOUTH","10","Sunday",3,0.640604657524531
"LZ_SOUTH","10","Sunday",4,0.600807493376427
"LZ_SOUTH","10","Sunday",5,0.605670690624667
"LZ_SOUTH","10","Sunday",6,0.632783015283611
"LZ_SOUTH","10","Sunday",7,0.708567839068698
"LZ_SOUTH","10","Sunday",8,0.738456238823512
"LZ_SOUTH","10","Sunday",9,0.811201564328448
"LZ_SOUTH","10","Sunday",10,0.869742301204148
"LZ_SOUTH","10","Sunday",11,0.920056129401574
"LZ_SOUTH","10","Sunday",12,1.01553690204204
"LZ_SOUTH","10","Sunday",13,1.10400656531629
"LZ_SOUTH","10","Sunday",14,1.28003404238074
"LZ_SOUTH","10","Sunday",15,1.61482464627839
"LZ_SOUTH","10","Sunday",16,1.94173281796951
"LZ_SOUTH","10","Sunday",17,1.86288823258241
"LZ_SOUTH","10","Sunday",18,1.34892933673082
"LZ_SOUTH","10","Sunday",19,1.18957857356346
"LZ_SOUTH","10","Sunday",20,1.11596192521821
"LZ_SOUTH","10","Sunday",21,1.00475681480844
"LZ_SOUTH","10","Sunday",22,0.94131235404076
"LZ_SOUTH","10","Sunday",23,0.829519607296822
"LZ_SOUTH","10","Sunday",24,0.760077203256316
"LZ_SOUTH","10","Thursday",1,0.574408463621123
"LZ_SOUTH","10","Thursday",2,0.529114910400703
"LZ_SOUTH","10","Thursday",3,0.501317667922228
"LZ_SOUTH","10","Thursday",4,0.489302742601862
"LZ_SOUTH","10","Thursday",5,0.508699719496182
"LZ_SOUTH","10","Thursday",6,0.582045068697627
"LZ_SOUTH","10","Thursday",7,0.815148196099533
"LZ_SOUTH","10","Thursday",8,0.782497466839103
"LZ_SOUTH","10","Thursday",9,0.718434835363987
"LZ_SOUTH","10","Thursday",10,0.752850468908764
"LZ_SOUTH","10","Thursday",11,0.80167383069788
"LZ_SOUTH","10","Thursday",12,0.894093722357081
"LZ_SOUTH","10","Thursday",13,1.00731912029138
"LZ_SOUTH","10","Thursday",14,1.32875231307818
"LZ_SOUTH","10","Thursday",15,1.67655724872918
"LZ_SOUTH","10","Thursday",16,2.58392169368587
"LZ_SOUTH","10","Thursday",17,2.75262278494259
"LZ_SOUTH","10","Thursday",18,1.54130448770754
"LZ_SOUTH","10","Thursday",19,1.05386847079105
"LZ_SOUTH","10","Thursday",20,1.07358788212193
"LZ_SOUTH","10","Thursday",21,0.891666978966103
"LZ_SOUTH","10","Thursday",22,0.826959478617859
"LZ_SOUTH","10","Thursday",23,0.690332128682452
"LZ_SOUTH","10","Thursday",24,0.623520319379795
"LZ_SOUTH","10","Tuesday",1,0.625160049179551
"LZ_SOUTH","10","Tuesday",2,0.564125369677371
"LZ_SOUTH","10","Tuesday",3,0.526625608292934
"LZ_SOUTH","10","Tuesday",4,0.530002283639315
"LZ_SOUTH","10","Tuesday",5,0.553265710271923
"LZ_SOUTH","10","Tuesday",6,0.64944156888142
"LZ_SOUTH","10","Tuesday",7,0.830390643724694
"LZ_SOUTH","10","Tuesday",8,0.818852255606405
"LZ_SOUTH","10","Tuesday",9,0.812862474715588
"LZ_SOUTH","10","Tuesday",10,0.85346741996127
"LZ_SOUTH","10","Tuesday",11,0.942007580551312
"LZ_SOUTH","10","Tuesday",12,1.01809306926073
"LZ_SOUTH","10","Tuesday",13,1.10568300965279
"LZ_SOUTH","10","Tuesday",14,1.32543839865272
"LZ_SOUTH","10","Tuesday",15,1.56866083289911
"LZ_SOUTH","10","Tuesday",16,2.00109586406761
"LZ_SOUTH","10","Tuesday",17,2.10192101436006
"LZ_SOUTH","10","Tuesday",18,1.33054583221685
"LZ_SOUTH","10","Tuesday",19,1.20509979786611
"LZ_SOUTH","10","Tuesday",20,1.15796208875933
"LZ_SOUTH","10","Tuesday",21,1.01778764133995
"LZ_SOUTH","10","Tuesday",22,0.921000926888898
"LZ_SOUTH","10","Tuesday",23,0.804700761943681
"LZ_SOUTH","10","Tuesday",24,0.735809797590372
"LZ_SOUTH","10","Wednesday",1,0.574400606889868
"LZ_SOUTH","10","Wednesday",2,0.53195009045757
"LZ_SOUTH","10","Wednesday",3,0.503178426812776
"LZ_SOUTH","10","Wednesday",4,0.505323194671443
"LZ_SOUTH","10","Wednesday",5,0.52378408542531
"LZ_SOUTH","10","Wednesday",6,0.594100696850964
"LZ_SOUTH","10","Wednesday",7,0.750573427517769
"LZ_SOUTH","10","Wednesday",8,0.713969389396506
"LZ_SOUTH","10","Wednesday",9,0.710299453282786
"LZ_SOUTH","10","Wednesday",10,0.748825838892188
"LZ_SOUTH","10","Wednesday",11,0.785302779658863
"LZ_SOUTH","10","Wednesday",12,0.867979608818173
"LZ_SOUTH","10","Wednesday",13,0.956391706103255
"LZ_SOUTH","10","Wednesday",14,1.25384717734649
"LZ_SOUTH","10","Wednesday",15,1.61939505631009
"LZ_SOUTH","10","Wednesday",16,2.55475215022907
"LZ_SOUTH","10","Wednesday",17,3.0312877940864
"LZ_SOUTH","10","Wednesday",18,1.76272909794638
"LZ_SOUTH","10","Wednesday",19,1.07058867920032
"LZ_SOUTH","10","Wednesday",20,0.981811177020798
"LZ_SOUTH","10","Wednesday",21,0.884756459623752
"LZ_SOUTH","10","Wednesday",22,0.773149095126412
"LZ_SOUTH","10","Wednesday",23,0.678858745191649
"LZ_SOUTH","10","Wednesday",24,0.622745263141172
"LZ_SOUTH","11","Friday",1,0.706466302602654
"LZ_SOUTH","11","Friday",2,0.660077778092762
"LZ_SOUTH","11","Friday",3,0.638615354086185
"LZ_SOUTH","11","Friday",4,0.662242575903223
"LZ_SOUTH","11","Friday",5,0.693889858179972
"LZ_SOUTH","11","Friday",6,0.809923020820716
"LZ_SOUTH","11","Friday",7,1.42635435163017
"LZ_SOUTH","11","Friday",8,1.29869313217895
"LZ_SOUTH","11","Friday",9,1.04856620802161
"LZ_SOUTH","11","Friday",10,1.04633955884513
"LZ_SOUTH","11","Friday",11,1.02438232391045
"LZ_SOUTH","11","Friday",12,1.06485373440508
"LZ_SOUTH","11","Friday",13,1.07839918356197
"LZ_SOUTH","11","Friday",14,1.1371785983965
"LZ_SOUTH","11","Friday",15,1.1615274194837
"LZ_SOUTH","11","Friday",16,1.18845338082144
"LZ_SOUTH","11","Friday",17,1.19362827844454
"LZ_SOUTH","11","Friday",18,1.45361018691998
"LZ_SOUTH","11","Friday",19,1.22506938950125
"LZ_SOUTH","11","Friday",20,1.06248276537457
"LZ_SOUTH","11","Friday",21,0.955191262463694
"LZ_SOUTH","11","Friday",22,0.901916619204334
"LZ_SOUTH","11","Friday",23,0.810520917358843
"LZ_SOUTH","11","Friday",24,0.751617799792282
"LZ_SOUTH","11","Monday",1,0.593454763292222
"LZ_SOUTH","11","Monday",2,0.542028314883314
"LZ_SOUTH","11","Monday",3,0.543134260010387
"LZ_SOUTH","11","Monday",4,0.578294098841926
"LZ_SOUTH","11","Monday",5,0.641494254749468
"LZ_SOUTH","11","Monday",6,0.775405777219258
"LZ_SOUTH","11","Monday",7,1.15725637286479
"LZ_SOUTH","11","Monday",8,1.07834257994342
"LZ_SOUTH","11","Monday",9,1.01387519524444
"LZ_SOUTH","11","Monday",10,1.00590317412012
"LZ_SOUTH","11","Monday",11,1.04223807964917
"LZ_SOUTH","11","Monday",12,1.07170690918098
"LZ_SOUTH","11","Monday",13,1.10550735712715
"LZ_SOUTH","11","Monday",14,1.19660958696982
"LZ_SOUTH","11","Monday",15,1.28003932249341
"LZ_SOUTH","11","Monday",16,1.30506133099344
"LZ_SOUTH","11","Monday",17,1.28748141157767
"LZ_SOUTH","11","Monday",18,1.63960973193311
"LZ_SOUTH","11","Monday",19,1.38102593690929
"LZ_SOUTH","11","Monday",20,1.13096713557332
"LZ_SOUTH","11","Monday",21,1.02610971321268
"LZ_SOUTH","11","Monday",22,0.986779539631141
"LZ_SOUTH","11","Monday",23,0.866139358686229
"LZ_SOUTH","11","Monday",24,0.75153579489326
"LZ_SOUTH","11","Saturday",1,0.778573433302594
"LZ_SOUTH","11","Saturday",2,0.710877671304278
"LZ_SOUTH","11","Saturday",3,0.678497253518303
"LZ_SOUTH","11","Saturday",4,0.680373681889259
"LZ_SOUTH","11","Saturday",5,0.701615813319434
"LZ_SOUTH","11","Saturday",6,0.764307766328535
"LZ_SOUTH","11","Saturday",7,0.958518102722425
"LZ_SOUTH","11","Saturday",8,1.03708752656269
"LZ_SOUTH","11","Saturday",9,1.17339320797081
"LZ_SOUTH","11","Saturday",10,1.27835291287438
"LZ_SOUTH","11","Saturday",11,1.14543923659837
"LZ_SOUTH","11","Saturday",12,1.12073292971413
"LZ_SOUTH","11","Saturday",13,1.09174451706026
"LZ_SOUTH","11","Saturday",14,1.10278657632012
"LZ_SOUTH","11","Saturday",15,1.1243655025861
"LZ_SOUTH","11","Saturday",16,1.15121286235516
"LZ_SOUTH","11","Saturday",17,1.14548735014635
"LZ_SOUTH","11","Saturday",18,1.43051200833968
"LZ_SOUTH","11","Saturday",19,1.24431257768333
"LZ_SOUTH","11","Saturday",20,1.11370835171004
"LZ_SOUTH","11","Saturday",21,0.99650374884728
"LZ_SOUTH","11","Saturday",22,0.932416502946955
"LZ_SOUTH","11","Saturday",23,0.856421153923259
"LZ_SOUTH","11","Saturday",24,0.782759311976264
"LZ_SOUTH","11","Sunday",1,0.767338250094798
"LZ_SOUTH","11","Sunday",2,0.709377434840526
"LZ_SOUTH","11","Sunday",3,0.695031477399762
"LZ_SOUTH","11","Sunday",4,0.704184565419555
"LZ_SOUTH","11","Sunday",5,0.730857031081815
"LZ_SOUTH","11","Sunday",6,0.77536359374539
"LZ_SOUTH","11","Sunday",7,0.877647385370577
"LZ_SOUTH","11","Sunday",8,0.911348583380414
"LZ_SOUTH","11","Sunday",9,0.986645189984493
"LZ_SOUTH","11","Sunday",10,1.06949506120089
"LZ_SOUTH","11","Sunday",11,1.03340724138647
"LZ_SOUTH","11","Sunday",12,1.03007646150534
"LZ_SOUTH","11","Sunday",13,1.05124133838778
"LZ_SOUTH","11","Sunday",14,1.06737070552868
"LZ_SOUTH","11","Sunday",15,1.07969721375018
"LZ_SOUTH","11","Sunday",16,1.13382894347181
"LZ_SOUTH","11","Sunday",17,1.13917917257221
"LZ_SOUTH","11","Sunday",18,1.65172587506734
"LZ_SOUTH","11","Sunday",19,1.44141466351802
"LZ_SOUTH","11","Sunday",20,1.20899441700971
"LZ_SOUTH","11","Sunday",21,1.12609209256683
"LZ_SOUTH","11","Sunday",22,1.05533269005279
"LZ_SOUTH","11","Sunday",23,0.921288469797323
"LZ_SOUTH","11","Sunday",24,0.83306214286729
"LZ_SOUTH","11","Thursday",1,0.720982796975774
"LZ_SOUTH","11","Thursday",2,0.669651480132813
"LZ_SOUTH","11","Thursday",3,0.634547219766023
"LZ_SOUTH","11","Thursday",4,0.654464096873081
"LZ_SOUTH","11","Thursday",5,0.676949578397221
"LZ_SOUTH","11","Thursday",6,0.81424760021507
"LZ_SOUTH","11","Thursday",7,1.2067344322951
"LZ_SOUTH","11","Thursday",8,1.09765028756648
"LZ_SOUTH","11","Thursday",9,1.02968419926051
"LZ_SOUTH","11","Thursday",10,1.08050587236992
"LZ_SOUTH","11","Thursday",11,1.08366566351792
"LZ_SOUTH","11","Thursday",12,1.08032240062584
"LZ_SOUTH","11","Thursday",13,1.10146242269342
"LZ_SOUTH","11","Thursday",14,1.13253030469051
"LZ_SOUTH","11","Thursday",15,1.16323124319944
"LZ_SOUTH","11","Thursday",16,1.1841674077736
"LZ_SOUTH","11","Thursday",17,1.20092449373266
"LZ_SOUTH","11","Thursday",18,1.50399942919902
"LZ_SOUTH","11","Thursday",19,1.30941745173037
"LZ_SOUTH","11","Thursday",20,1.11041176665452
"LZ_SOUTH","11","Thursday",21,0.996047712846335
"LZ_SOUTH","11","Thursday",22,0.956091644136167
"LZ_SOUTH","11","Thursday",23,0.834572192308967
"LZ_SOUTH","11","Thursday",24,0.75773830303926
"LZ_SOUTH","11","Tuesday",1,0.542671746110676
"LZ_SOUTH","11","Tuesday",2,0.50700659030053
"LZ_SOUTH","11","Tuesday",3,0.489360484041135
"LZ_SOUTH","11","Tuesday",4,0.533956650249528
"LZ_SOUTH","11","Tuesday",5,0.598731011379677
"LZ_SOUTH","11","Tuesday",6,0.746357668973572
"LZ_SOUTH","11","Tuesday",7,1.41555533382514
"LZ_SOUTH","11","Tuesday",8,1.29185593266084
"LZ_SOUTH","11","Tuesday",9,1.06247617988298
"LZ_SOUTH","11","Tuesday",10,1.00468959831718
"LZ_SOUTH","11","Tuesday",11,1.01369912309255
"LZ_SOUTH","11","Tuesday",12,1.03670383559089
"LZ_SOUTH","11","Tuesday",13,1.06940507366448
"LZ_SOUTH","11","Tuesday",14,1.15237514169391
"LZ_SOUTH","11","Tuesday",15,1.23410860828359
"LZ_SOUTH","11","Tuesday",16,1.22906405955316
"LZ_SOUTH","11","Tuesday",17,1.21029912341969
"LZ_SOUTH","11","Tuesday",18,1.65449421201826
"LZ_SOUTH","11","Tuesday",19,1.4745785168307
"LZ_SOUTH","11","Tuesday",20,1.2128900978649
"LZ_SOUTH","11","Tuesday",21,1.07329153533229
"LZ_SOUTH","11","Tuesday",22,0.927470708412325
"LZ_SOUTH","11","Tuesday",23,0.807049282493093
"LZ_SOUTH","11","Tuesday",24,0.711909486008902
"LZ_SOUTH","11","Wednesday",1,0.666990763247448
"LZ_SOUTH","11","Wednesday",2,0.621322025250653
"LZ_SOUTH","11","Wednesday",3,0.600374475950269
"LZ_SOUTH","11","Wednesday",4,0.606458506813248
"LZ_SOUTH","11","Wednesday",5,0.679024052137834
"LZ_SOUTH","11","Wednesday",6,0.796353432134657
"LZ_SOUTH","11","Wednesday",7,1.38067068738959
"LZ_SOUTH","11","Wednesday",8,1.23047598877535
"LZ_SOUTH","11","Wednesday",9,1.09776325226105
"LZ_SOUTH","11","Wednesday",10,1.0566575374115
"LZ_SOUTH","11","Wednesday",11,1.00860139489885
"LZ_SOUTH","11","Wednesday",12,0.987807871696261
"LZ_SOUTH","11","Wednesday",13,1.01453139966403
"LZ_SOUTH","11","Wednesday",14,1.0717520949956
"LZ_SOUTH","11","Wednesday",15,1.07943414662322
"LZ_SOUTH","11","Wednesday",16,1.11518745457433
"LZ_SOUTH","11","Wednesday",17,1.14595416760927
"LZ_SOUTH","11","Wednesday",18,1.59107033698022
"LZ_SOUTH","11","Wednesday",19,1.40964684703764
"LZ_SOUTH","11","Wednesday",20,1.15654346183281
"LZ_SOUTH","11","Wednesday",21,1.08099366086341
"LZ_SOUTH","11","Wednesday",22,0.989617678345375
"LZ_SOUTH","11","Wednesday",23,0.845275971447412
"LZ_SOUTH","11","Wednesday",24,0.767492792059955
"LZ_SOUTH","12","Friday",1,0.76182344357466
"LZ_SOUTH","12","Friday",2,0.7252061994562
"LZ_SOUTH","12","Friday",3,0.711474732911778
"LZ_SOUTH","12","Friday",4,0.714855109232347
"LZ_SOUTH","12","Friday",5,0.766085657196247
"LZ_SOUTH","12","Friday",6,0.901405690650075
"LZ_SOUTH","12","Friday",7,1.53687444666459
"LZ_SOUTH","12","Friday",8,1.39462569155991
"LZ_SOUTH","12","Friday",9,1.16106478354744
"LZ_SOUTH","12","Friday",10,1.10882642152523
"LZ_SOUTH","12","Friday",11,1.0253038314431
"LZ_SOUTH","12","Friday",12,0.984151424062261
"LZ_SOUTH","12","Friday",13,0.962777367575682
"LZ_SOUTH","12","Friday",14,0.95599561880833
"LZ_SOUTH","12","Friday",15,0.932290992311918
"LZ_SOUTH","12","Friday",16,0.928889619865135
"LZ_SOUTH","12","Friday",17,0.977768601692988
"LZ_SOUTH","12","Friday",18,1.51033534312919
"LZ_SOUTH","12","Friday",19,1.26419775551411
"LZ_SOUTH","12","Friday",20,1.09960912211697
"LZ_SOUTH","12","Friday",21,1.00277498801471
"LZ_SOUTH","12","Friday",22,0.961937522527094
"LZ_SOUTH","12","Friday",23,0.833567206850336
"LZ_SOUTH","12","Friday",24,0.778158429769708
"LZ_SOUTH","12","Monday",1,0.724106791395559
"LZ_SOUTH","12","Monday",2,0.69145807766226
"LZ_SOUTH","12","Monday",3,0.683201624827577
"LZ_SOUTH","12","Monday",4,0.696221415836115
"LZ_SOUTH","12","Monday",5,0.775213440552547
"LZ_SOUTH","12","Monday",6,0.929704375324585
"LZ_SOUTH","12","Monday",7,1.6232662606803
"LZ_SOUTH","12","Monday",8,1.49136148774929
"LZ_SOUTH","12","Monday",9,1.23465725466328
"LZ_SOUTH","12","Monday",10,1.16150031920982
"LZ_SOUTH","12","Monday",11,1.04575120158513
"LZ_SOUTH","12","Monday",12,0.995478136608569
"LZ_SOUTH","12","Monday",13,0.934209699347357
"LZ_SOUTH","12","Monday",14,0.901362513190146
"LZ_SOUTH","12","Monday",15,0.890188515723978
"LZ_SOUTH","12","Monday",16,0.886000747579463
"LZ_SOUTH","12","Monday",17,0.924266230909434
"LZ_SOUTH","12","Monday",18,1.46458755776375
"LZ_SOUTH","12","Monday",19,1.27379601665845
"LZ_SOUTH","12","Monday",20,1.09213420705305
"LZ_SOUTH","12","Monday",21,1.01492843415181
"LZ_SOUTH","12","Monday",22,0.950424896380855
"LZ_SOUTH","12","Monday",23,0.831222358580128
"LZ_SOUTH","12","Monday",24,0.784958436566559
"LZ_SOUTH","12","Saturday",1,0.758384529068724
"LZ_SOUTH","12","Saturday",2,0.701695486738658
"LZ_SOUTH","12","Saturday",3,0.685576307779879
"LZ_SOUTH","12","Saturday",4,0.697932169653815
"LZ_SOUTH","12","Saturday",5,0.745724121303529
"LZ_SOUTH","12","Saturday",6,0.81418168700296
"LZ_SOUTH","12","Saturday",7,1.0062196247197
"LZ_SOUTH","12","Saturday",8,1.09558209052627
"LZ_SOUTH","12","Saturday",9,1.18202961708792
"LZ_SOUTH","12","Saturday",10,1.18089844663468
"LZ_SOUTH","12","Saturday",11,1.12812499433508
"LZ_SOUTH","12","Saturday",12,1.07280640851568
"LZ_SOUTH","12","Saturday",13,1.02634140682074
"LZ_SOUTH","12","Saturday",14,0.98326991648554
"LZ_SOUTH","12","Saturday",15,0.984923165609518
"LZ_SOUTH","12","Saturday",16,0.979223806787385
"LZ_SOUTH","12","Saturday",17,1.02621088715306
"LZ_SOUTH","12","Saturday",18,1.57441524469719
"LZ_SOUTH","12","Saturday",19,1.34850745321686
"LZ_SOUTH","12","Saturday",20,1.17380687802393
"LZ_SOUTH","12","Saturday",21,1.07952817140133
"LZ_SOUTH","12","Saturday",22,1.0188800324849
"LZ_SOUTH","12","Saturday",23,0.892863293337515
"LZ_SOUTH","12","Saturday",24,0.842874260615146
"LZ_SOUTH","12","Sunday",1,0.762192227054563
"LZ_SOUTH","12","Sunday",2,0.695053107618734
"LZ_SOUTH","12","Sunday",3,0.682328071664963
"LZ_SOUTH","12","Sunday",4,0.695219447957999
"LZ_SOUTH","12","Sunday",5,0.732500476495764
"LZ_SOUTH","12","Sunday",6,0.792445376258382
"LZ_SOUTH","12","Sunday",7,0.948139933810407
"LZ_SOUTH","12","Sunday",8,0.996981615927088
"LZ_SOUTH","12","Sunday",9,1.13132223242597
"LZ_SOUTH","12","Sunday",10,1.17199244537626
"LZ_SOUTH","12","Sunday",11,1.0973472181311
"LZ_SOUTH","12","Sunday",12,1.03503196853395
"LZ_SOUTH","12","Sunday",13,0.985171451839274
"LZ_SOUTH","12","Sunday",14,0.933106925649334
"LZ_SOUTH","12","Sunday",15,0.927513731741549
"LZ_SOUTH","12","Sunday",16,0.912896574428638
"LZ_SOUTH","12","Sunday",17,0.99739746677525
"LZ_SOUTH","12","Sunday",18,1.63552059328054
"LZ_SOUTH","12","Sunday",19,1.46965848249095
"LZ_SOUTH","12","Sunday",20,1.27410462114255
"LZ_SOUTH","12","Sunday",21,1.19378302981997
"LZ_SOUTH","12","Sunday",22,1.10011262627138
"LZ_SOUTH","12","Sunday",23,0.937764455148753
"LZ_SOUTH","12","Sunday",24,0.892415920156637
"LZ_SOUTH","12","Thursday",1,0.689851292465811
"LZ_SOUTH","12","Thursday",2,0.643133515064645
"LZ_SOUTH","12","Thursday",3,0.625714884828499
"LZ_SOUTH","12","Thursday",4,0.632723700424838
"LZ_SOUTH","12","Thursday",5,0.698009094225483
"LZ_SOUTH","12","Thursday",6,0.833083907587043
"LZ_SOUTH","12","Thursday",7,1.43995541933686
"LZ_SOUTH","12","Thursday",8,1.23164422792439
"LZ_SOUTH","12","Thursday",9,1.10861078955457
"LZ_SOUTH","12","Thursday",10,1.09544340812276
"LZ_SOUTH","12","Thursday",11,1.02905498760531
"LZ_SOUTH","12","Thursday",12,0.979372825902744
"LZ_SOUTH","12","Thursday",13,0.955244116472727
"LZ_SOUTH","12","Thursday",14,0.950165597630791
"LZ_SOUTH","12","Thursday",15,0.933872973834713
"LZ_SOUTH","12","Thursday",16,0.919740444025703
"LZ_SOUTH","12","Thursday",17,0.986243763159482
"LZ_SOUTH","12","Thursday",18,1.61113137795038
"LZ_SOUTH","12","Thursday",19,1.42662717984219
"LZ_SOUTH","12","Thursday",20,1.21447837464417
"LZ_SOUTH","12","Thursday",21,1.17306891331761
"LZ_SOUTH","12","Thursday",22,1.07349777240308
"LZ_SOUTH","12","Thursday",23,0.915787931623833
"LZ_SOUTH","12","Thursday",24,0.833543502052376
"LZ_SOUTH","12","Tuesday",1,0.751685264881746
"LZ_SOUTH","12","Tuesday",2,0.713409757398027
"LZ_SOUTH","12","Tuesday",3,0.691472750123777
"LZ_SOUTH","12","Tuesday",4,0.723669878508588
"LZ_SOUTH","12","Tuesday",5,0.772525421792284
"LZ_SOUTH","12","Tuesday",6,0.907826484366074
"LZ_SOUTH","12","Tuesday",7,1.47944548120501
"LZ_SOUTH","12","Tuesday",8,1.26857599878128
"LZ_SOUTH","12","Tuesday",9,1.14931637277678
"LZ_SOUTH","12","Tuesday",10,1.11698213809651
"LZ_SOUTH","12","Tuesday",11,1.08624747686331
"LZ_SOUTH","12","Tuesday",12,1.00508054994859
"LZ_SOUTH","12","Tuesday",13,0.957207601782382
"LZ_SOUTH","12","Tuesday",14,0.907483718627414
"LZ_SOUTH","12","Tuesday",15,0.888014624671516
"LZ_SOUTH","12","Tuesday",16,0.877731652511711
"LZ_SOUTH","12","Tuesday",17,0.924690558708154
"LZ_SOUTH","12","Tuesday",18,1.52558174962867
"LZ_SOUTH","12","Tuesday",19,1.33927714514225
"LZ_SOUTH","12","Tuesday",20,1.15708572951975
"LZ_SOUTH","12","Tuesday",21,1.08912670906806
"LZ_SOUTH","12","Tuesday",22,1.00668012339567
"LZ_SOUTH","12","Tuesday",23,0.868088509730738
"LZ_SOUTH","12","Tuesday",24,0.792794302471722
"LZ_SOUTH","12","Wednesday",1,0.754250460174404
"LZ_SOUTH","12","Wednesday",2,0.711792099618436
"LZ_SOUTH","12","Wednesday",3,0.705658429768585
"LZ_SOUTH","12","Wednesday",4,0.717854170209338
"LZ_SOUTH","12","Wednesday",5,0.759978400890217
"LZ_SOUTH","12","Wednesday",6,0.896589786962372
"LZ_SOUTH","12","Wednesday",7,1.5794319195463
"LZ_SOUTH","12","Wednesday",8,1.36671052121277
"LZ_SOUTH","12","Wednesday",9,1.16663832529333
"LZ_SOUTH","12","Wednesday",10,1.11945441364682
"LZ_SOUTH","12","Wednesday",11,1.06217500648868
"LZ_SOUTH","12","Wednesday",12,1.0123419222611
"LZ_SOUTH","12","Wednesday",13,0.986494589780996
"LZ_SOUTH","12","Wednesday",14,0.962341773095982
"LZ_SOUTH","12","Wednesday",15,0.933320206802526
"LZ_SOUTH","12","Wednesday",16,0.941840518617299
"LZ_SOUTH","12","Wednesday",17,0.971792875277074
"LZ_SOUTH","12","Wednesday",18,1.39403757171113
"LZ_SOUTH","12","Wednesday",19,1.26749781473095
"LZ_SOUTH","12","Wednesday",20,1.11995560845945
"LZ_SOUTH","12","Wednesday",21,1.03301024167733
"LZ_SOUTH","12","Wednesday",22,0.98176903869045
"LZ_SOUTH","12","Wednesday",23,0.825849719122074
"LZ_SOUTH","12","Wednesday",24,0.729214585962369
